#,Date-Time (PST),Ch: 1 - Temperature   (°C),Host Connected,End of File
1,07/07/2021 09:28:58,23.29,,
2,07/07/2021 09:33:58,23.42,,
3,07/07/2021 09:38:58,24.32,,
4,07/07/2021 09:43:58,24.45,,
5,07/07/2021 09:48:58,24.41,,
6,07/07/2021 09:53:58,25.05,,
7,07/07/2021 09:58:58,25.69,,
8,07/07/2021 10:03:58,26.17,,
9,07/07/2021 10:08:58,26.64,,
10,07/07/2021 10:13:58,26.51,,
11,07/07/2021 10:18:58,26.98,,
12,07/07/2021 10:23:58,27.20,,
13,07/07/2021 10:28:58,27.75,,
14,07/07/2021 10:33:58,28.31,,
15,07/07/2021 10:38:58,28.95,,
16,07/07/2021 10:43:58,29.38,,
17,07/07/2021 10:48:58,30.33,,
18,07/07/2021 10:53:58,30.37,,
19,07/07/2021 10:58:58,30.80,,
20,07/07/2021 11:03:58,31.14,,
21,07/07/2021 11:08:58,31.01,,
22,07/07/2021 11:13:58,31.19,,
23,07/07/2021 11:18:58,31.23,,
24,07/07/2021 11:23:58,32.22,,
25,07/07/2021 11:28:58,31.79,,
26,07/07/2021 11:33:58,32.52,,
27,07/07/2021 11:38:58,32.04,,
28,07/07/2021 11:43:58,32.34,,
29,07/07/2021 11:48:58,32.17,,
30,07/07/2021 11:53:58,32.52,,
31,07/07/2021 11:58:58,32.77,,
32,07/07/2021 12:03:58,33.42,,
33,07/07/2021 12:08:58,33.72,,
34,07/07/2021 12:13:58,34.15,,
35,07/07/2021 12:18:58,33.89,,
36,07/07/2021 12:23:58,34.10,,
37,07/07/2021 12:28:58,34.92,,
38,07/07/2021 12:33:58,36.08,,
39,07/07/2021 12:38:58,36.12,,
40,07/07/2021 12:43:58,36.89,,
41,07/07/2021 12:48:58,36.55,,
42,07/07/2021 12:53:58,36.25,,
43,07/07/2021 12:58:58,36.63,,
44,07/07/2021 13:03:58,35.30,,
45,07/07/2021 13:08:58,35.09,,
46,07/07/2021 13:13:58,35.26,,
47,07/07/2021 13:18:58,35.13,,
48,07/07/2021 13:23:58,34.70,,
49,07/07/2021 13:28:58,34.79,,
50,07/07/2021 13:33:58,35.48,,
51,07/07/2021 13:38:58,35.60,,
52,07/07/2021 13:43:58,35.69,,
53,07/07/2021 13:48:58,35.95,,
54,07/07/2021 13:53:58,35.95,,
55,07/07/2021 13:58:58,36.89,,
56,07/07/2021 14:03:58,37.62,,
57,07/07/2021 14:08:58,38.01,,
58,07/07/2021 14:13:58,38.09,,
59,07/07/2021 14:18:58,38.01,,
60,07/07/2021 14:23:58,39.17,,
61,07/07/2021 14:28:58,39.29,,
62,07/07/2021 14:33:58,38.95,,
63,07/07/2021 14:38:58,39.72,,
64,07/07/2021 14:43:58,40.24,,
65,07/07/2021 14:48:58,40.88,,
66,07/07/2021 14:53:58,41.48,,
67,07/07/2021 14:58:58,41.70,,
68,07/07/2021 15:03:58,42.04,,
69,07/07/2021 15:08:58,42.68,,
70,07/07/2021 15:13:58,41.95,,
71,07/07/2021 15:18:58,42.30,,
72,07/07/2021 15:23:58,42.60,,
73,07/07/2021 15:28:58,43.07,,
74,07/07/2021 15:33:58,43.03,,
75,07/07/2021 15:38:58,42.85,,
76,07/07/2021 15:43:58,42.00,,
77,07/07/2021 15:48:58,42.34,,
78,07/07/2021 15:53:58,42.17,,
79,07/07/2021 15:58:58,42.64,,
80,07/07/2021 16:03:58,42.98,,
81,07/07/2021 16:08:58,42.38,,
82,07/07/2021 16:13:58,42.38,,
83,07/07/2021 16:18:58,42.04,,
84,07/07/2021 16:23:58,42.17,,
85,07/07/2021 16:28:58,42.21,,
86,07/07/2021 16:33:58,42.34,,
87,07/07/2021 16:38:58,42.77,,
88,07/07/2021 16:43:58,42.85,,
89,07/07/2021 16:48:58,42.38,,
90,07/07/2021 16:53:58,41.70,,
91,07/07/2021 16:58:58,41.44,,
92,07/07/2021 17:03:58,41.35,,
93,07/07/2021 17:08:58,41.61,,
94,07/07/2021 17:13:58,40.71,,
95,07/07/2021 17:18:58,41.05,,
96,07/07/2021 17:23:58,40.37,,
97,07/07/2021 17:28:58,39.85,,
98,07/07/2021 17:33:58,40.62,,
99,07/07/2021 17:38:58,40.11,,
100,07/07/2021 17:43:58,39.94,,
101,07/07/2021 17:48:58,40.15,,
102,07/07/2021 17:53:58,39.81,,
103,07/07/2021 17:58:58,39.59,,
104,07/07/2021 18:03:58,38.99,,
105,07/07/2021 18:08:58,38.95,,
106,07/07/2021 18:13:58,38.39,,
107,07/07/2021 18:18:58,38.35,,
108,07/07/2021 18:23:58,37.96,,
109,07/07/2021 18:28:58,37.66,,
110,07/07/2021 18:33:58,37.15,,
111,07/07/2021 18:38:58,36.46,,
112,07/07/2021 18:43:58,36.08,,
113,07/07/2021 18:48:58,35.69,,
114,07/07/2021 18:53:58,35.60,,
115,07/07/2021 18:58:58,35.22,,
116,07/07/2021 19:03:58,34.75,,
117,07/07/2021 19:08:58,34.10,,
118,07/07/2021 19:13:58,33.42,,
119,07/07/2021 19:18:58,33.07,,
120,07/07/2021 19:23:58,32.34,,
121,07/07/2021 19:28:58,31.79,,
122,07/07/2021 19:33:58,31.01,,
123,07/07/2021 19:38:58,30.67,,
124,07/07/2021 19:43:58,30.16,,
125,07/07/2021 19:48:58,29.77,,
126,07/07/2021 19:53:58,29.34,,
127,07/07/2021 19:58:58,29.21,,
128,07/07/2021 20:03:58,28.78,,
129,07/07/2021 20:08:58,28.53,,
130,07/07/2021 20:13:58,28.48,,
131,07/07/2021 20:18:58,28.14,,
132,07/07/2021 20:23:58,27.67,,
133,07/07/2021 20:28:58,26.94,,
134,07/07/2021 20:33:58,26.17,,
135,07/07/2021 20:38:58,25.57,,
136,07/07/2021 20:43:58,25.09,,
137,07/07/2021 20:48:58,24.79,,
138,07/07/2021 20:53:58,24.19,,
139,07/07/2021 20:58:58,23.94,,
140,07/07/2021 21:03:58,23.59,,
141,07/07/2021 21:08:58,23.34,,
142,07/07/2021 21:13:58,23.03,,
143,07/07/2021 21:18:58,22.69,,
144,07/07/2021 21:23:58,22.39,,
145,07/07/2021 21:28:58,22.22,,
146,07/07/2021 21:33:58,21.96,,
147,07/07/2021 21:38:58,21.66,,
148,07/07/2021 21:43:58,21.45,,
149,07/07/2021 21:48:58,21.23,,
150,07/07/2021 21:53:58,21.06,,
151,07/07/2021 21:58:58,20.89,,
152,07/07/2021 22:03:58,20.80,,
153,07/07/2021 22:08:58,20.63,,
154,07/07/2021 22:13:58,20.50,,
155,07/07/2021 22:18:58,20.25,,
156,07/07/2021 22:23:58,20.16,,
157,07/07/2021 22:28:58,19.99,,
158,07/07/2021 22:33:58,19.86,,
159,07/07/2021 22:38:58,19.77,,
160,07/07/2021 22:43:58,19.65,,
161,07/07/2021 22:48:58,19.60,,
162,07/07/2021 22:53:58,19.43,,
163,07/07/2021 22:58:58,19.26,,
164,07/07/2021 23:03:58,19.17,,
165,07/07/2021 23:08:58,19.05,,
166,07/07/2021 23:13:58,18.92,,
167,07/07/2021 23:18:58,18.83,,
168,07/07/2021 23:23:58,18.74,,
169,07/07/2021 23:28:58,18.57,,
170,07/07/2021 23:33:58,18.44,,
171,07/07/2021 23:38:58,18.27,,
172,07/07/2021 23:43:58,18.14,,
173,07/07/2021 23:48:58,18.02,,
174,07/07/2021 23:53:58,17.89,,
175,07/07/2021 23:58:58,17.89,,
176,07/08/2021 00:03:58,17.76,,
177,07/08/2021 00:08:58,17.72,,
178,07/08/2021 00:13:58,17.63,,
179,07/08/2021 00:18:58,17.59,,
180,07/08/2021 00:23:58,17.41,,
181,07/08/2021 00:28:58,17.29,,
182,07/08/2021 00:33:58,17.16,,
183,07/08/2021 00:38:58,17.16,,
184,07/08/2021 00:43:58,16.99,,
185,07/08/2021 00:48:58,16.94,,
186,07/08/2021 00:53:58,16.77,,
187,07/08/2021 00:58:58,16.73,,
188,07/08/2021 01:03:58,16.56,,
189,07/08/2021 01:08:58,16.47,,
190,07/08/2021 01:13:58,16.26,,
191,07/08/2021 01:18:58,16.13,,
192,07/08/2021 01:23:58,16.08,,
193,07/08/2021 01:28:58,16.04,,
194,07/08/2021 01:33:58,16.04,,
195,07/08/2021 01:38:58,16.00,,
196,07/08/2021 01:43:58,15.91,,
197,07/08/2021 01:48:58,15.91,,
198,07/08/2021 01:53:58,15.83,,
199,07/08/2021 01:58:58,15.74,,
200,07/08/2021 02:03:58,15.70,,
201,07/08/2021 02:08:58,15.61,,
202,07/08/2021 02:13:58,15.57,,
203,07/08/2021 02:18:58,15.53,,
204,07/08/2021 02:23:58,15.44,,
205,07/08/2021 02:28:58,15.44,,
206,07/08/2021 02:33:58,15.44,,
207,07/08/2021 02:38:58,15.44,,
208,07/08/2021 02:43:58,15.44,,
209,07/08/2021 02:48:58,15.40,,
210,07/08/2021 02:53:58,15.31,,
211,07/08/2021 02:58:58,15.23,,
212,07/08/2021 03:03:58,15.18,,
213,07/08/2021 03:08:58,15.14,,
214,07/08/2021 03:13:58,15.10,,
215,07/08/2021 03:18:58,15.01,,
216,07/08/2021 03:23:58,14.97,,
217,07/08/2021 03:28:58,14.93,,
218,07/08/2021 03:33:58,14.88,,
219,07/08/2021 03:38:58,14.93,,
220,07/08/2021 03:43:58,14.84,,
221,07/08/2021 03:48:58,14.88,,
222,07/08/2021 03:53:58,14.88,,
223,07/08/2021 03:58:58,14.80,,
224,07/08/2021 04:03:58,14.84,,
225,07/08/2021 04:08:58,14.80,,
226,07/08/2021 04:13:58,14.75,,
227,07/08/2021 04:18:58,14.71,,
228,07/08/2021 04:23:58,14.67,,
229,07/08/2021 04:28:58,14.63,,
230,07/08/2021 04:33:58,14.58,,
231,07/08/2021 04:38:58,14.58,,
232,07/08/2021 04:43:58,14.63,,
233,07/08/2021 04:48:58,14.67,,
234,07/08/2021 04:53:58,14.58,,
235,07/08/2021 04:58:58,14.50,,
236,07/08/2021 05:03:58,14.50,,
237,07/08/2021 05:08:58,14.37,,
238,07/08/2021 05:13:58,14.33,,
239,07/08/2021 05:18:58,14.24,,
240,07/08/2021 05:23:58,14.24,,
241,07/08/2021 05:28:58,14.15,,
242,07/08/2021 05:33:58,14.03,,
243,07/08/2021 05:38:58,14.03,,
244,07/08/2021 05:43:58,13.98,,
245,07/08/2021 05:48:58,13.98,,
246,07/08/2021 05:53:58,13.90,,
247,07/08/2021 05:58:58,13.85,,
248,07/08/2021 06:03:58,13.81,,
249,07/08/2021 06:08:58,13.85,,
250,07/08/2021 06:13:58,13.98,,
251,07/08/2021 06:18:58,13.98,,
252,07/08/2021 06:23:58,14.03,,
253,07/08/2021 06:28:58,14.03,,
254,07/08/2021 06:33:58,14.11,,
255,07/08/2021 06:38:58,14.07,,
256,07/08/2021 06:43:58,14.11,,
257,07/08/2021 06:48:58,14.03,,
258,07/08/2021 06:53:58,14.07,,
259,07/08/2021 06:58:58,14.11,,
260,07/08/2021 07:03:58,14.20,,
261,07/08/2021 07:08:58,14.45,,
262,07/08/2021 07:13:58,14.58,,
263,07/08/2021 07:18:58,14.93,,
264,07/08/2021 07:23:58,14.97,,
265,07/08/2021 07:28:58,15.18,,
266,07/08/2021 07:33:58,15.40,,
267,07/08/2021 07:38:58,15.66,,
268,07/08/2021 07:43:58,15.87,,
269,07/08/2021 07:48:58,16.13,,
270,07/08/2021 07:53:58,16.56,,
271,07/08/2021 07:58:58,16.77,,
272,07/08/2021 08:03:58,17.03,,
273,07/08/2021 08:08:58,17.29,,
274,07/08/2021 08:13:58,17.54,,
275,07/08/2021 08:18:58,17.84,,
276,07/08/2021 08:23:58,18.32,,
277,07/08/2021 08:28:58,18.49,,
278,07/08/2021 08:33:58,18.79,,
279,07/08/2021 08:38:58,18.96,,
280,07/08/2021 08:43:58,19.17,,
281,07/08/2021 08:48:58,19.39,,
282,07/08/2021 08:53:58,19.73,,
283,07/08/2021 08:58:58,20.07,,
284,07/08/2021 09:03:58,20.59,,
285,07/08/2021 09:08:58,20.98,,
286,07/08/2021 09:13:58,21.28,,
287,07/08/2021 09:18:58,21.70,,
288,07/08/2021 09:23:58,22.22,,
289,07/08/2021 09:28:58,22.82,,
290,07/08/2021 09:33:58,23.29,,
291,07/08/2021 09:38:58,24.06,,
292,07/08/2021 09:43:58,24.88,,
293,07/08/2021 09:48:58,25.05,,
294,07/08/2021 09:53:58,25.65,,
295,07/08/2021 09:58:58,25.99,,
296,07/08/2021 10:03:58,26.47,,
297,07/08/2021 10:08:58,27.32,,
298,07/08/2021 10:13:58,28.05,,
299,07/08/2021 10:18:58,28.83,,
300,07/08/2021 10:23:58,29.00,,
301,07/08/2021 10:28:58,29.21,,
302,07/08/2021 10:33:58,30.50,,
303,07/08/2021 10:38:58,32.00,,
304,07/08/2021 10:43:58,32.34,,
305,07/08/2021 10:48:58,33.29,,
306,07/08/2021 10:53:58,34.23,,
307,07/08/2021 10:58:58,34.62,,
308,07/08/2021 11:03:58,34.40,,
309,07/08/2021 11:08:58,34.15,,
310,07/08/2021 11:13:58,33.72,,
311,07/08/2021 11:18:58,34.32,,
312,07/08/2021 11:23:58,35.09,,
313,07/08/2021 11:28:58,34.57,,
314,07/08/2021 11:33:58,34.45,,
315,07/08/2021 11:38:58,34.70,,
316,07/08/2021 11:43:58,35.22,,
317,07/08/2021 11:48:58,36.25,,
318,07/08/2021 11:53:58,36.81,,
319,07/08/2021 11:58:58,36.29,,
320,07/08/2021 12:03:58,34.88,,
321,07/08/2021 12:08:58,35.43,,
322,07/08/2021 12:13:58,36.81,,
323,07/08/2021 12:18:58,36.93,,
324,07/08/2021 12:23:58,36.93,,
325,07/08/2021 12:28:58,38.18,,
326,07/08/2021 12:33:58,38.14,,
327,07/08/2021 12:38:58,37.58,,
328,07/08/2021 12:43:58,37.36,,
329,07/08/2021 12:48:58,37.32,,
330,07/08/2021 12:53:58,36.85,,
331,07/08/2021 12:58:58,36.16,,
332,07/08/2021 13:03:58,36.42,,
333,07/08/2021 13:08:58,36.72,,
334,07/08/2021 13:13:58,36.38,,
335,07/08/2021 13:18:58,36.63,,
336,07/08/2021 13:23:58,36.16,,
337,07/08/2021 13:28:58,36.89,,
338,07/08/2021 13:33:58,37.02,,
339,07/08/2021 13:38:58,37.71,,
340,07/08/2021 13:43:58,38.18,,
341,07/08/2021 13:48:58,38.39,,
342,07/08/2021 13:53:58,38.01,,
343,07/08/2021 13:58:58,39.17,,
344,07/08/2021 14:03:58,38.99,,
345,07/08/2021 14:08:58,39.38,,
346,07/08/2021 14:13:58,39.47,,
347,07/08/2021 14:18:58,39.77,,
348,07/08/2021 14:23:58,40.28,,
349,07/08/2021 14:28:58,41.10,,
350,07/08/2021 14:33:58,42.08,,
351,07/08/2021 14:38:58,42.60,,
352,07/08/2021 14:43:58,42.77,,
353,07/08/2021 14:48:58,43.41,,
354,07/08/2021 14:53:58,42.94,,
355,07/08/2021 14:58:58,44.18,,
356,07/08/2021 15:03:58,43.97,,
357,07/08/2021 15:08:58,44.57,,
358,07/08/2021 15:13:58,45.43,,
359,07/08/2021 15:18:58,46.37,,
360,07/08/2021 15:23:58,46.03,,
361,07/08/2021 15:28:58,45.99,,
362,07/08/2021 15:33:58,45.64,,
363,07/08/2021 15:38:58,46.29,,
364,07/08/2021 15:43:58,47.27,,
365,07/08/2021 15:48:58,47.19,,
366,07/08/2021 15:53:58,46.59,,
367,07/08/2021 15:58:58,47.14,,
368,07/08/2021 16:03:58,47.14,,
369,07/08/2021 16:08:58,48.09,,
370,07/08/2021 16:13:58,47.53,,
371,07/08/2021 16:18:58,48.13,,
372,07/08/2021 16:23:58,48.39,,
373,07/08/2021 16:28:58,45.90,,
374,07/08/2021 16:33:58,46.07,,
375,07/08/2021 16:38:58,45.99,,
376,07/08/2021 16:43:58,47.19,,
377,07/08/2021 16:48:58,46.67,,
378,07/08/2021 16:53:58,46.12,,
379,07/08/2021 16:58:58,45.17,,
380,07/08/2021 17:03:58,44.91,,
381,07/08/2021 17:08:58,44.91,,
382,07/08/2021 17:13:58,44.23,,
383,07/08/2021 17:18:58,44.70,,
384,07/08/2021 17:23:58,45.51,,
385,07/08/2021 17:28:58,45.77,,
386,07/08/2021 17:33:58,45.99,,
387,07/08/2021 17:38:58,45.77,,
388,07/08/2021 17:43:58,45.73,,
389,07/08/2021 17:48:58,45.64,,
390,07/08/2021 17:53:58,45.17,,
391,07/08/2021 17:58:58,44.87,,
392,07/08/2021 18:03:58,44.66,,
393,07/08/2021 18:08:58,44.91,,
394,07/08/2021 18:13:58,44.70,,
395,07/08/2021 18:18:58,44.61,,
396,07/08/2021 18:23:58,44.57,,
397,07/08/2021 18:28:58,44.14,,
398,07/08/2021 18:33:58,43.63,,
399,07/08/2021 18:38:58,43.07,,
400,07/08/2021 18:43:58,42.77,,
401,07/08/2021 18:48:58,42.47,,
402,07/08/2021 18:53:58,42.04,,
403,07/08/2021 18:58:58,41.65,,
404,07/08/2021 19:03:58,41.35,,
405,07/08/2021 19:08:58,40.92,,
406,07/08/2021 19:13:58,40.45,,
407,07/08/2021 19:18:58,39.89,,
408,07/08/2021 19:23:58,39.29,,
409,07/08/2021 19:28:58,38.65,,
410,07/08/2021 19:33:58,38.22,,
411,07/08/2021 19:38:58,37.88,,
412,07/08/2021 19:43:58,37.28,,
413,07/08/2021 19:48:58,36.85,,
414,07/08/2021 19:53:58,36.63,,
415,07/08/2021 19:58:58,36.46,,
416,07/08/2021 20:03:58,36.25,,
417,07/08/2021 20:08:58,35.86,,
418,07/08/2021 20:13:58,35.78,,
419,07/08/2021 20:18:58,35.30,,
420,07/08/2021 20:23:58,34.57,,
421,07/08/2021 20:28:58,33.42,,
422,07/08/2021 20:33:58,32.69,,
423,07/08/2021 20:38:58,32.04,,
424,07/08/2021 20:43:58,31.40,,
425,07/08/2021 20:48:58,30.80,,
426,07/08/2021 20:53:58,29.98,,
427,07/08/2021 20:58:58,29.68,,
428,07/08/2021 21:03:58,29.38,,
429,07/08/2021 21:08:58,29.08,,
430,07/08/2021 21:13:58,28.53,,
431,07/08/2021 21:18:58,28.31,,
432,07/08/2021 21:23:58,27.93,,
433,07/08/2021 21:28:58,27.50,,
434,07/08/2021 21:33:58,27.15,,
435,07/08/2021 21:38:58,26.85,,
436,07/08/2021 21:43:58,26.60,,
437,07/08/2021 21:48:58,26.34,,
438,07/08/2021 21:53:58,26.17,,
439,07/08/2021 21:58:58,25.91,,
440,07/08/2021 22:03:58,25.82,,
441,07/08/2021 22:08:58,25.48,,
442,07/08/2021 22:13:58,25.22,,
443,07/08/2021 22:18:58,24.79,,
444,07/08/2021 22:23:58,24.62,,
445,07/08/2021 22:28:58,24.45,,
446,07/08/2021 22:33:58,24.19,,
447,07/08/2021 22:38:58,23.94,,
448,07/08/2021 22:43:58,23.81,,
449,07/08/2021 22:48:58,23.46,,
450,07/08/2021 22:53:58,23.08,,
451,07/08/2021 22:58:58,22.86,,
452,07/08/2021 23:03:58,22.82,,
453,07/08/2021 23:08:58,22.73,,
454,07/08/2021 23:13:58,22.69,,
455,07/08/2021 23:18:58,22.73,,
456,07/08/2021 23:23:58,22.73,,
457,07/08/2021 23:28:58,22.69,,
458,07/08/2021 23:33:58,22.61,,
459,07/08/2021 23:38:58,22.65,,
460,07/08/2021 23:43:58,22.61,,
461,07/08/2021 23:48:58,22.56,,
462,07/08/2021 23:53:58,22.56,,
463,07/08/2021 23:58:58,22.43,,
464,07/09/2021 00:03:58,22.26,,
465,07/09/2021 00:08:58,22.18,,
466,07/09/2021 00:13:58,21.96,,
467,07/09/2021 00:18:58,21.92,,
468,07/09/2021 00:23:58,21.88,,
469,07/09/2021 00:28:58,21.88,,
470,07/09/2021 00:33:58,21.75,,
471,07/09/2021 00:38:58,21.66,,
472,07/09/2021 00:43:58,21.62,,
473,07/09/2021 00:48:58,21.58,,
474,07/09/2021 00:53:58,21.40,,
475,07/09/2021 00:58:58,21.32,,
476,07/09/2021 01:03:58,21.23,,
477,07/09/2021 01:08:58,21.23,,
478,07/09/2021 01:13:58,21.10,,
479,07/09/2021 01:18:58,21.06,,
480,07/09/2021 01:23:58,20.98,,
481,07/09/2021 01:28:58,20.89,,
482,07/09/2021 01:33:58,20.85,,
483,07/09/2021 01:38:58,20.76,,
484,07/09/2021 01:43:58,20.76,,
485,07/09/2021 01:48:58,20.76,,
486,07/09/2021 01:53:58,20.72,,
487,07/09/2021 01:58:58,20.59,,
488,07/09/2021 02:03:58,20.50,,
489,07/09/2021 02:08:58,20.42,,
490,07/09/2021 02:13:58,20.29,,
491,07/09/2021 02:18:58,20.25,,
492,07/09/2021 02:23:58,20.25,,
493,07/09/2021 02:28:58,20.16,,
494,07/09/2021 02:33:58,20.20,,
495,07/09/2021 02:38:58,20.25,,
496,07/09/2021 02:43:58,20.33,,
497,07/09/2021 02:48:58,20.37,,
498,07/09/2021 02:53:58,20.33,,
499,07/09/2021 02:58:58,20.25,,
500,07/09/2021 03:03:58,20.25,,
501,07/09/2021 03:08:58,20.16,,
502,07/09/2021 03:13:58,20.07,,
503,07/09/2021 03:18:58,19.99,,
504,07/09/2021 03:23:58,19.77,,
505,07/09/2021 03:28:58,19.77,,
506,07/09/2021 03:33:58,19.77,,
507,07/09/2021 03:38:58,19.65,,
508,07/09/2021 03:43:58,19.52,,
509,07/09/2021 03:48:58,19.47,,
510,07/09/2021 03:53:58,19.35,,
511,07/09/2021 03:58:58,19.30,,
512,07/09/2021 04:03:58,19.26,,
513,07/09/2021 04:08:58,19.00,,
514,07/09/2021 04:13:58,18.96,,
515,07/09/2021 04:18:58,18.92,,
516,07/09/2021 04:23:58,18.87,,
517,07/09/2021 04:28:58,18.66,,
518,07/09/2021 04:33:58,18.57,,
519,07/09/2021 04:38:58,18.53,,
520,07/09/2021 04:43:58,18.49,,
521,07/09/2021 04:48:58,18.49,,
522,07/09/2021 04:53:58,18.36,,
523,07/09/2021 04:58:58,18.40,,
524,07/09/2021 05:03:58,18.36,,
525,07/09/2021 05:08:58,18.32,,
526,07/09/2021 05:13:58,18.27,,
527,07/09/2021 05:18:58,18.23,,
528,07/09/2021 05:23:58,18.14,,
529,07/09/2021 05:28:58,17.84,,
530,07/09/2021 05:33:58,17.63,,
531,07/09/2021 05:38:58,17.50,,
532,07/09/2021 05:43:58,17.54,,
533,07/09/2021 05:48:58,17.63,,
534,07/09/2021 05:53:58,17.59,,
535,07/09/2021 05:58:58,17.67,,
536,07/09/2021 06:03:58,17.76,,
537,07/09/2021 06:08:58,17.80,,
538,07/09/2021 06:13:58,17.89,,
539,07/09/2021 06:18:58,17.84,,
540,07/09/2021 06:23:58,17.84,,
541,07/09/2021 06:28:58,17.93,,
542,07/09/2021 06:33:58,18.10,,
543,07/09/2021 06:38:58,18.36,,
544,07/09/2021 06:43:58,18.49,,
545,07/09/2021 06:48:58,18.70,,
546,07/09/2021 06:53:58,18.83,,
547,07/09/2021 06:58:58,18.79,,
548,07/09/2021 07:03:58,19.05,,
549,07/09/2021 07:08:58,19.35,,
550,07/09/2021 07:13:58,19.47,,
551,07/09/2021 07:18:58,19.65,,
552,07/09/2021 07:23:58,19.82,,
553,07/09/2021 07:28:58,19.90,,
554,07/09/2021 07:33:58,19.86,,
555,07/09/2021 07:38:58,20.20,,
556,07/09/2021 07:43:58,20.89,,
557,07/09/2021 07:48:58,21.49,,
558,07/09/2021 07:53:58,22.09,,
559,07/09/2021 07:58:58,22.61,,
560,07/09/2021 08:03:58,23.16,,
561,07/09/2021 08:08:58,23.55,,
562,07/09/2021 08:13:58,23.94,,
563,07/09/2021 08:18:58,24.49,,
564,07/09/2021 08:23:58,24.97,,
565,07/09/2021 08:28:58,25.18,,
566,07/09/2021 08:33:58,25.44,,
567,07/09/2021 08:38:58,25.74,,
568,07/09/2021 08:43:58,25.95,,
569,07/09/2021 08:48:58,26.25,,
570,07/09/2021 08:53:58,26.55,,
571,07/09/2021 08:58:58,26.81,,
572,07/09/2021 09:03:58,27.45,,
573,07/09/2021 09:08:58,27.80,,
574,07/09/2021 09:13:58,28.18,,
575,07/09/2021 09:18:58,28.74,,
576,07/09/2021 09:23:58,29.21,,
577,07/09/2021 09:28:58,29.81,,
578,07/09/2021 09:33:58,30.07,,
579,07/09/2021 09:38:58,30.37,,
580,07/09/2021 09:43:58,31.14,,
581,07/09/2021 09:48:58,31.83,,
582,07/09/2021 09:53:58,32.47,,
583,07/09/2021 09:58:58,32.77,,
584,07/09/2021 10:03:58,33.42,,
585,07/09/2021 10:08:58,33.20,,
586,07/09/2021 10:13:58,33.33,,
587,07/09/2021 10:18:58,33.76,,
588,07/09/2021 10:23:58,34.53,,
589,07/09/2021 10:28:58,35.35,,
590,07/09/2021 10:33:58,35.78,,
591,07/09/2021 10:38:58,36.16,,
592,07/09/2021 10:43:58,36.68,,
593,07/09/2021 10:48:58,36.76,,
594,07/09/2021 10:53:58,36.46,,
595,07/09/2021 10:58:58,36.72,,
596,07/09/2021 11:03:58,36.42,,
597,07/09/2021 11:08:58,37.28,,
598,07/09/2021 11:13:58,37.15,,
599,07/09/2021 11:18:58,36.03,,
600,07/09/2021 11:23:58,36.33,,
601,07/09/2021 11:28:58,37.41,,
602,07/09/2021 11:33:58,38.56,,
603,07/09/2021 11:38:58,39.08,,
604,07/09/2021 11:43:58,39.98,,
605,07/09/2021 11:48:58,40.97,,
606,07/09/2021 11:53:58,41.31,,
607,07/09/2021 11:58:58,40.97,,
608,07/09/2021 12:03:58,41.05,,
609,07/09/2021 12:08:58,42.13,,
610,07/09/2021 12:13:58,42.98,,
611,07/09/2021 12:18:58,43.97,,
612,07/09/2021 12:23:58,43.54,,
613,07/09/2021 12:28:58,43.93,,
614,07/09/2021 12:33:58,43.20,,
615,07/09/2021 12:38:58,42.17,,
616,07/09/2021 12:43:58,41.57,,
617,07/09/2021 12:48:58,41.31,,
618,07/09/2021 12:53:58,41.35,,
619,07/09/2021 12:58:58,41.74,,
620,07/09/2021 13:03:58,41.74,,
621,07/09/2021 13:08:58,41.65,,
622,07/09/2021 13:13:58,41.65,,
623,07/09/2021 13:18:58,41.52,,
624,07/09/2021 13:23:58,42.34,,
625,07/09/2021 13:28:58,42.64,,
626,07/09/2021 13:33:58,42.17,,
627,07/09/2021 13:38:58,42.60,,
628,07/09/2021 13:43:58,42.85,,
629,07/09/2021 13:48:58,43.37,,
630,07/09/2021 13:53:58,44.18,,
631,07/09/2021 13:58:58,43.76,,
632,07/09/2021 14:03:58,44.53,,
633,07/09/2021 14:08:58,43.50,,
634,07/09/2021 14:13:58,44.01,,
635,07/09/2021 14:18:58,44.31,,
636,07/09/2021 14:23:58,44.96,,
637,07/09/2021 14:28:58,45.47,,
638,07/09/2021 14:33:58,45.04,,
639,07/09/2021 14:38:58,44.27,,
640,07/09/2021 14:43:58,45.30,,
641,07/09/2021 14:48:58,45.94,,
642,07/09/2021 14:53:58,47.02,,
643,07/09/2021 14:58:58,47.92,,
644,07/09/2021 15:03:58,47.92,,
645,07/09/2021 15:08:58,47.36,,
646,07/09/2021 15:13:58,47.49,,
647,07/09/2021 15:18:58,47.79,,
648,07/09/2021 15:23:58,47.92,,
649,07/09/2021 15:28:58,49.08,,
650,07/09/2021 15:33:58,48.35,,
651,07/09/2021 15:38:58,48.95,,
652,07/09/2021 15:43:58,48.69,,
653,07/09/2021 15:48:58,48.43,,
654,07/09/2021 15:53:58,48.35,,
655,07/09/2021 15:58:58,48.39,,
656,07/09/2021 16:03:58,48.90,,
657,07/09/2021 16:08:58,48.82,,
658,07/09/2021 16:13:58,49.63,,
659,07/09/2021 16:18:58,49.72,,
660,07/09/2021 16:23:58,50.19,,
661,07/09/2021 16:28:58,50.32,,
662,07/09/2021 16:33:58,50.02,,
663,07/09/2021 16:38:58,50.32,,
664,07/09/2021 16:43:58,50.58,,
665,07/09/2021 16:48:58,50.19,,
666,07/09/2021 16:53:58,50.15,,
667,07/09/2021 16:58:58,50.15,,
668,07/09/2021 17:03:58,49.80,,
669,07/09/2021 17:08:58,49.42,,
670,07/09/2021 17:13:58,49.03,,
671,07/09/2021 17:18:58,48.73,,
672,07/09/2021 17:23:58,48.56,,
673,07/09/2021 17:28:58,48.26,,
674,07/09/2021 17:33:58,48.35,,
675,07/09/2021 17:38:58,48.60,,
676,07/09/2021 17:43:58,48.39,,
677,07/09/2021 17:48:58,48.43,,
678,07/09/2021 17:53:58,47.96,,
679,07/09/2021 17:58:58,47.23,,
680,07/09/2021 18:03:58,46.67,,
681,07/09/2021 18:08:58,46.12,,
682,07/09/2021 18:13:58,45.94,,
683,07/09/2021 18:18:58,45.39,,
684,07/09/2021 18:23:58,45.00,,
685,07/09/2021 18:28:58,44.83,,
686,07/09/2021 18:33:58,44.18,,
687,07/09/2021 18:38:58,43.58,,
688,07/09/2021 18:43:58,43.07,,
689,07/09/2021 18:48:58,42.47,,
690,07/09/2021 18:53:58,42.13,,
691,07/09/2021 18:58:58,41.57,,
692,07/09/2021 19:03:58,41.27,,
693,07/09/2021 19:08:58,40.75,,
694,07/09/2021 19:13:58,40.32,,
695,07/09/2021 19:18:58,39.98,,
696,07/09/2021 19:23:58,39.64,,
697,07/09/2021 19:28:58,39.17,,
698,07/09/2021 19:33:58,38.65,,
699,07/09/2021 19:38:58,38.26,,
700,07/09/2021 19:43:58,37.79,,
701,07/09/2021 19:48:58,37.19,,
702,07/09/2021 19:53:58,36.46,,
703,07/09/2021 19:58:58,36.25,,
704,07/09/2021 20:03:58,35.69,,
705,07/09/2021 20:08:58,35.48,,
706,07/09/2021 20:13:58,35.26,,
707,07/09/2021 20:18:58,34.62,,
708,07/09/2021 20:23:58,33.93,,
709,07/09/2021 20:28:58,33.37,,
710,07/09/2021 20:33:58,32.64,,
711,07/09/2021 20:38:58,31.92,,
712,07/09/2021 20:43:58,31.36,,
713,07/09/2021 20:48:58,30.80,,
714,07/09/2021 20:53:58,30.33,,
715,07/09/2021 20:58:58,30.11,,
716,07/09/2021 21:03:58,29.73,,
717,07/09/2021 21:08:58,29.51,,
718,07/09/2021 21:13:58,29.04,,
719,07/09/2021 21:18:58,28.53,,
720,07/09/2021 21:23:58,28.23,,
721,07/09/2021 21:28:58,28.10,,
722,07/09/2021 21:33:58,28.10,,
723,07/09/2021 21:38:58,27.93,,
724,07/09/2021 21:43:58,27.50,,
725,07/09/2021 21:48:58,27.20,,
726,07/09/2021 21:53:58,27.07,,
727,07/09/2021 21:58:58,26.90,,
728,07/09/2021 22:03:58,26.81,,
729,07/09/2021 22:08:58,26.51,,
730,07/09/2021 22:13:58,26.12,,
731,07/09/2021 22:18:58,26.04,,
732,07/09/2021 22:23:58,25.95,,
733,07/09/2021 22:28:58,25.91,,
734,07/09/2021 22:33:58,25.74,,
735,07/09/2021 22:38:58,25.65,,
736,07/09/2021 22:43:58,25.48,,
737,07/09/2021 22:48:58,25.22,,
738,07/09/2021 22:53:58,25.09,,
739,07/09/2021 22:58:58,25.05,,
740,07/09/2021 23:03:58,25.09,,
741,07/09/2021 23:08:58,24.97,,
742,07/09/2021 23:13:58,24.84,,
743,07/09/2021 23:18:58,24.79,,
744,07/09/2021 23:23:58,24.79,,
745,07/09/2021 23:28:58,24.79,,
746,07/09/2021 23:33:58,24.62,,
747,07/09/2021 23:38:58,24.71,,
748,07/09/2021 23:43:58,24.66,,
749,07/09/2021 23:48:58,24.54,,
750,07/09/2021 23:53:58,24.54,,
751,07/09/2021 23:58:58,24.45,,
752,07/10/2021 00:03:58,24.41,,
753,07/10/2021 00:08:58,24.15,,
754,07/10/2021 00:13:58,24.24,,
755,07/10/2021 00:18:58,24.24,,
756,07/10/2021 00:23:58,24.15,,
757,07/10/2021 00:28:58,24.02,,
758,07/10/2021 00:33:58,23.81,,
759,07/10/2021 00:38:58,23.64,,
760,07/10/2021 00:43:58,23.51,,
761,07/10/2021 00:48:58,23.38,,
762,07/10/2021 00:53:58,23.16,,
763,07/10/2021 00:58:58,22.91,,
764,07/10/2021 01:03:58,22.78,,
765,07/10/2021 01:08:58,22.52,,
766,07/10/2021 01:13:58,22.39,,
767,07/10/2021 01:18:58,22.18,,
768,07/10/2021 01:23:58,22.01,,
769,07/10/2021 01:28:58,21.92,,
770,07/10/2021 01:33:58,21.79,,
771,07/10/2021 01:38:58,21.75,,
772,07/10/2021 01:43:58,21.58,,
773,07/10/2021 01:48:58,21.49,,
774,07/10/2021 01:53:58,21.36,,
775,07/10/2021 01:58:58,21.15,,
776,07/10/2021 02:03:58,20.98,,
777,07/10/2021 02:08:58,20.93,,
778,07/10/2021 02:13:58,20.93,,
779,07/10/2021 02:18:58,20.80,,
780,07/10/2021 02:23:58,20.80,,
781,07/10/2021 02:28:58,20.68,,
782,07/10/2021 02:33:58,20.68,,
783,07/10/2021 02:38:58,20.63,,
784,07/10/2021 02:43:58,20.55,,
785,07/10/2021 02:48:58,20.50,,
786,07/10/2021 02:53:58,20.42,,
787,07/10/2021 02:58:58,20.37,,
788,07/10/2021 03:03:58,20.29,,
789,07/10/2021 03:08:58,20.29,,
790,07/10/2021 03:13:58,20.16,,
791,07/10/2021 03:18:58,20.03,,
792,07/10/2021 03:23:58,19.99,,
793,07/10/2021 03:28:58,19.95,,
794,07/10/2021 03:33:58,19.99,,
795,07/10/2021 03:38:58,19.99,,
796,07/10/2021 03:43:58,19.90,,
797,07/10/2021 03:48:58,19.95,,
798,07/10/2021 03:53:58,19.90,,
799,07/10/2021 03:58:58,19.82,,
800,07/10/2021 04:03:58,19.69,,
801,07/10/2021 04:08:58,19.69,,
802,07/10/2021 04:13:58,19.69,,
803,07/10/2021 04:18:58,19.65,,
804,07/10/2021 04:23:58,19.52,,
805,07/10/2021 04:28:58,19.47,,
806,07/10/2021 04:33:58,19.52,,
807,07/10/2021 04:38:58,19.52,,
808,07/10/2021 04:43:58,19.39,,
809,07/10/2021 04:48:58,19.35,,
810,07/10/2021 04:53:58,19.39,,
811,07/10/2021 04:58:58,19.26,,
812,07/10/2021 05:03:58,19.22,,
813,07/10/2021 05:08:58,19.17,,
814,07/10/2021 05:13:58,19.13,,
815,07/10/2021 05:18:58,19.13,,
816,07/10/2021 05:23:58,19.05,,
817,07/10/2021 05:28:58,19.05,,
818,07/10/2021 05:33:58,19.00,,
819,07/10/2021 05:38:58,18.96,,
820,07/10/2021 05:43:58,18.87,,
821,07/10/2021 05:48:58,18.92,,
822,07/10/2021 05:53:58,18.74,,
823,07/10/2021 05:58:58,18.66,,
824,07/10/2021 06:03:58,18.66,,
825,07/10/2021 06:08:58,18.70,,
826,07/10/2021 06:13:58,18.62,,
827,07/10/2021 06:18:58,18.62,,
828,07/10/2021 06:23:58,18.70,,
829,07/10/2021 06:28:58,18.74,,
830,07/10/2021 06:33:58,18.92,,
831,07/10/2021 06:38:58,19.09,,
832,07/10/2021 06:43:58,19.22,,
833,07/10/2021 06:48:58,19.39,,
834,07/10/2021 06:53:58,19.39,,
835,07/10/2021 06:58:58,19.30,,
836,07/10/2021 07:03:58,19.35,,
837,07/10/2021 07:08:58,19.47,,
838,07/10/2021 07:13:58,19.77,,
839,07/10/2021 07:18:58,19.99,,
840,07/10/2021 07:23:58,20.37,,
841,07/10/2021 07:28:58,20.42,,
842,07/10/2021 07:33:58,20.50,,
843,07/10/2021 07:38:58,20.59,,
844,07/10/2021 07:43:58,20.80,,
845,07/10/2021 07:48:58,21.02,,
846,07/10/2021 07:53:58,21.40,,
847,07/10/2021 07:58:58,21.70,,
848,07/10/2021 08:03:58,21.92,,
849,07/10/2021 08:08:58,22.18,,
850,07/10/2021 08:13:58,22.39,,
851,07/10/2021 08:18:58,22.69,,
852,07/10/2021 08:23:58,23.16,,
853,07/10/2021 08:28:58,23.29,,
854,07/10/2021 08:33:58,23.64,,
855,07/10/2021 08:38:58,23.94,,
856,07/10/2021 08:43:58,24.28,,
857,07/10/2021 08:48:58,24.79,,
858,07/10/2021 08:53:58,25.27,,
859,07/10/2021 08:58:58,25.52,,
860,07/10/2021 09:03:58,26.17,,
861,07/10/2021 09:08:58,26.60,,
862,07/10/2021 09:13:58,27.11,,
863,07/10/2021 09:18:58,27.63,,
864,07/10/2021 09:23:58,28.01,,
865,07/10/2021 09:28:58,28.70,,
866,07/10/2021 09:33:58,29.08,,
867,07/10/2021 09:38:58,29.73,,
868,07/10/2021 09:43:58,30.37,,
869,07/10/2021 09:48:58,30.93,,
870,07/10/2021 09:53:58,31.14,,
871,07/10/2021 09:58:58,31.57,,
872,07/10/2021 10:03:58,32.04,,
873,07/10/2021 10:08:58,32.73,,
874,07/10/2021 10:13:58,33.12,,
875,07/10/2021 10:18:58,33.80,,
876,07/10/2021 10:23:58,34.23,,
877,07/10/2021 10:28:58,34.70,,
878,07/10/2021 10:33:58,34.88,,
879,07/10/2021 10:38:58,35.52,,
880,07/10/2021 10:43:58,35.65,,
881,07/10/2021 10:48:58,35.09,,
882,07/10/2021 10:53:58,34.75,,
883,07/10/2021 10:58:58,35.13,,
884,07/10/2021 11:03:58,35.39,,
885,07/10/2021 11:08:58,36.16,,
886,07/10/2021 11:13:58,36.33,,
887,07/10/2021 11:18:58,36.25,,
888,07/10/2021 11:23:58,36.93,,
889,07/10/2021 11:28:58,37.66,,
890,07/10/2021 11:33:58,38.35,,
891,07/10/2021 11:38:58,39.04,,
892,07/10/2021 11:43:58,38.99,,
893,07/10/2021 11:48:58,39.29,,
894,07/10/2021 11:53:58,39.89,,
895,07/10/2021 11:58:58,39.98,,
896,07/10/2021 12:03:58,39.81,,
897,07/10/2021 12:08:58,40.37,,
898,07/10/2021 12:13:58,41.14,,
899,07/10/2021 12:18:58,40.75,,
900,07/10/2021 12:23:58,41.35,,
901,07/10/2021 12:28:58,41.70,,
902,07/10/2021 12:33:58,42.38,,
903,07/10/2021 12:38:58,42.94,,
904,07/10/2021 12:43:58,42.85,,
905,07/10/2021 12:48:58,42.94,,
906,07/10/2021 12:53:58,42.00,,
907,07/10/2021 12:58:58,41.87,,
908,07/10/2021 13:03:58,41.95,,
909,07/10/2021 13:08:58,41.61,,
910,07/10/2021 13:13:58,41.78,,
911,07/10/2021 13:18:58,41.74,,
912,07/10/2021 13:23:58,42.00,,
913,07/10/2021 13:28:58,41.57,,
914,07/10/2021 13:33:58,42.04,,
915,07/10/2021 13:38:58,42.77,,
916,07/10/2021 13:43:58,42.60,,
917,07/10/2021 13:48:58,43.71,,
918,07/10/2021 13:53:58,43.84,,
919,07/10/2021 13:58:58,43.93,,
920,07/10/2021 14:03:58,44.31,,
921,07/10/2021 14:08:58,45.30,,
922,07/10/2021 14:13:58,45.94,,
923,07/10/2021 14:18:58,45.94,,
924,07/10/2021 14:23:58,46.20,,
925,07/10/2021 14:28:58,46.12,,
926,07/10/2021 14:33:58,46.12,,
927,07/10/2021 14:38:58,45.39,,
928,07/10/2021 14:43:58,45.94,,
929,07/10/2021 14:48:58,46.33,,
930,07/10/2021 14:53:58,47.57,,
931,07/10/2021 14:58:58,47.96,,
932,07/10/2021 15:03:58,48.13,,
933,07/10/2021 15:08:58,48.47,,
934,07/10/2021 15:13:58,49.03,,
935,07/10/2021 15:18:58,49.20,,
936,07/10/2021 15:23:58,48.99,,
937,07/10/2021 15:28:58,49.46,,
938,07/10/2021 15:33:58,50.02,,
939,07/10/2021 15:38:58,50.02,,
940,07/10/2021 15:43:58,49.80,,
941,07/10/2021 15:48:58,48.90,,
942,07/10/2021 15:53:58,49.33,,
943,07/10/2021 15:58:58,49.72,,
944,07/10/2021 16:03:58,49.76,,
945,07/10/2021 16:08:58,50.66,,
946,07/10/2021 16:13:58,50.41,,
947,07/10/2021 16:18:58,50.92,,
948,07/10/2021 16:23:58,51.26,,
949,07/10/2021 16:28:58,51.52,,
950,07/10/2021 16:33:58,51.18,,
951,07/10/2021 16:38:58,51.74,,
952,07/10/2021 16:43:58,51.78,,
953,07/10/2021 16:48:58,52.04,,
954,07/10/2021 16:53:58,51.91,,
955,07/10/2021 16:58:58,51.39,,
956,07/10/2021 17:03:58,51.35,,
957,07/10/2021 17:08:58,51.31,,
958,07/10/2021 17:13:58,50.62,,
959,07/10/2021 17:18:58,50.83,,
960,07/10/2021 17:23:58,50.41,,
961,07/10/2021 17:28:58,50.06,,
962,07/10/2021 17:33:58,49.85,,
963,07/10/2021 17:38:58,49.76,,
964,07/10/2021 17:43:58,49.55,,
965,07/10/2021 17:48:58,49.59,,
966,07/10/2021 17:53:58,49.20,,
967,07/10/2021 17:58:58,48.86,,
968,07/10/2021 18:03:58,48.43,,
969,07/10/2021 18:08:58,48.30,,
970,07/10/2021 18:13:58,47.75,,
971,07/10/2021 18:18:58,47.62,,
972,07/10/2021 18:23:58,47.14,,
973,07/10/2021 18:28:58,46.93,,
974,07/10/2021 18:33:58,46.63,,
975,07/10/2021 18:38:58,46.16,,
976,07/10/2021 18:43:58,45.90,,
977,07/10/2021 18:48:58,45.39,,
978,07/10/2021 18:53:58,45.00,,
979,07/10/2021 18:58:58,43.46,,
980,07/10/2021 19:03:58,42.38,,
981,07/10/2021 19:08:58,41.44,,
982,07/10/2021 19:13:58,41.14,,
983,07/10/2021 19:18:58,40.67,,
984,07/10/2021 19:23:58,40.24,,
985,07/10/2021 19:28:58,39.98,,
986,07/10/2021 19:33:58,39.77,,
987,07/10/2021 19:38:58,39.25,,
988,07/10/2021 19:43:58,38.95,,
989,07/10/2021 19:48:58,38.56,,
990,07/10/2021 19:53:58,38.35,,
991,07/10/2021 19:58:58,38.09,,
992,07/10/2021 20:03:58,38.05,,
993,07/10/2021 20:08:58,37.66,,
994,07/10/2021 20:13:58,37.49,,
995,07/10/2021 20:18:58,37.19,,
996,07/10/2021 20:23:58,36.93,,
997,07/10/2021 20:28:58,36.16,,
998,07/10/2021 20:33:58,35.30,,
999,07/10/2021 20:38:58,34.49,,
1000,07/10/2021 20:43:58,34.10,,
1001,07/10/2021 20:48:58,33.67,,
1002,07/10/2021 20:53:58,33.16,,
1003,07/10/2021 20:58:58,32.77,,
1004,07/10/2021 21:03:58,32.22,,
1005,07/10/2021 21:08:58,31.74,,
1006,07/10/2021 21:13:58,31.14,,
1007,07/10/2021 21:18:58,30.67,,
1008,07/10/2021 21:23:58,30.46,,
1009,07/10/2021 21:28:58,30.28,,
1010,07/10/2021 21:33:58,30.03,,
1011,07/10/2021 21:38:58,29.60,,
1012,07/10/2021 21:43:58,29.26,,
1013,07/10/2021 21:48:58,29.00,,
1014,07/10/2021 21:53:58,28.61,,
1015,07/10/2021 21:58:58,28.31,,
1016,07/10/2021 22:03:58,28.10,,
1017,07/10/2021 22:08:58,27.88,,
1018,07/10/2021 22:13:58,27.75,,
1019,07/10/2021 22:18:58,27.54,,
1020,07/10/2021 22:23:58,27.32,,
1021,07/10/2021 22:28:58,27.11,,
1022,07/10/2021 22:33:58,26.94,,
1023,07/10/2021 22:38:58,26.77,,
1024,07/10/2021 22:43:58,26.60,,
1025,07/10/2021 22:48:58,26.42,,
1026,07/10/2021 22:53:58,26.21,,
1027,07/10/2021 22:58:58,25.99,,
1028,07/10/2021 23:03:58,25.87,,
1029,07/10/2021 23:08:58,25.65,,
1030,07/10/2021 23:13:58,25.48,,
1031,07/10/2021 23:18:58,25.31,,
1032,07/10/2021 23:23:58,25.18,,
1033,07/10/2021 23:28:58,24.88,,
1034,07/10/2021 23:33:58,24.79,,
1035,07/10/2021 23:38:58,24.66,,
1036,07/10/2021 23:43:58,24.41,,
1037,07/10/2021 23:48:58,24.24,,
1038,07/10/2021 23:53:58,24.06,,
1039,07/10/2021 23:58:58,23.89,,
1040,07/11/2021 00:03:58,23.89,,
1041,07/11/2021 00:08:58,23.72,,
1042,07/11/2021 00:13:58,23.46,,
1043,07/11/2021 00:18:58,23.51,,
1044,07/11/2021 00:23:58,23.38,,
1045,07/11/2021 00:28:58,23.25,,
1046,07/11/2021 00:33:58,23.12,,
1047,07/11/2021 00:38:58,22.95,,
1048,07/11/2021 00:43:58,22.91,,
1049,07/11/2021 00:48:58,22.82,,
1050,07/11/2021 00:53:58,22.78,,
1051,07/11/2021 00:58:58,22.69,,
1052,07/11/2021 01:03:58,22.56,,
1053,07/11/2021 01:08:58,22.48,,
1054,07/11/2021 01:13:58,22.39,,
1055,07/11/2021 01:18:58,22.31,,
1056,07/11/2021 01:23:58,22.22,,
1057,07/11/2021 01:28:58,22.22,,
1058,07/11/2021 01:33:58,22.13,,
1059,07/11/2021 01:38:58,22.01,,
1060,07/11/2021 01:43:58,21.96,,
1061,07/11/2021 01:48:58,21.79,,
1062,07/11/2021 01:53:58,21.70,,
1063,07/11/2021 01:58:58,21.58,,
1064,07/11/2021 02:03:58,21.45,,
1065,07/11/2021 02:08:58,21.40,,
1066,07/11/2021 02:13:58,21.32,,
1067,07/11/2021 02:18:58,21.28,,
1068,07/11/2021 02:23:58,21.10,,
1069,07/11/2021 02:28:58,21.02,,
1070,07/11/2021 02:33:58,20.93,,
1071,07/11/2021 02:38:58,20.76,,
1072,07/11/2021 02:43:58,20.72,,
1073,07/11/2021 02:48:58,20.63,,
1074,07/11/2021 02:53:58,20.55,,
1075,07/11/2021 02:58:58,20.46,,
1076,07/11/2021 03:03:58,20.33,,
1077,07/11/2021 03:08:58,20.29,,
1078,07/11/2021 03:13:58,20.16,,
1079,07/11/2021 03:18:58,20.07,,
1080,07/11/2021 03:23:58,20.07,,
1081,07/11/2021 03:28:58,19.99,,
1082,07/11/2021 03:33:58,19.95,,
1083,07/11/2021 03:38:58,19.86,,
1084,07/11/2021 03:43:58,19.77,,
1085,07/11/2021 03:48:58,19.65,,
1086,07/11/2021 03:53:58,19.56,,
1087,07/11/2021 03:58:58,19.43,,
1088,07/11/2021 04:03:58,19.35,,
1089,07/11/2021 04:08:58,19.35,,
1090,07/11/2021 04:13:58,19.35,,
1091,07/11/2021 04:18:58,19.35,,
1092,07/11/2021 04:23:58,19.26,,
1093,07/11/2021 04:28:58,19.17,,
1094,07/11/2021 04:33:58,19.09,,
1095,07/11/2021 04:38:58,18.96,,
1096,07/11/2021 04:43:58,18.92,,
1097,07/11/2021 04:48:58,18.74,,
1098,07/11/2021 04:53:58,18.66,,
1099,07/11/2021 04:58:58,18.49,,
1100,07/11/2021 05:03:58,18.36,,
1101,07/11/2021 05:08:58,18.19,,
1102,07/11/2021 05:13:58,18.02,,
1103,07/11/2021 05:18:58,17.93,,
1104,07/11/2021 05:23:58,17.72,,
1105,07/11/2021 05:28:58,17.72,,
1106,07/11/2021 05:33:58,17.63,,
1107,07/11/2021 05:38:58,17.50,,
1108,07/11/2021 05:43:58,17.37,,
1109,07/11/2021 05:48:58,17.29,,
1110,07/11/2021 05:53:58,17.24,,
1111,07/11/2021 05:58:58,17.20,,
1112,07/11/2021 06:03:58,17.11,,
1113,07/11/2021 06:08:58,17.07,,
1114,07/11/2021 06:13:58,17.03,,
1115,07/11/2021 06:18:58,17.16,,
1116,07/11/2021 06:23:58,17.16,,
1117,07/11/2021 06:28:58,17.20,,
1118,07/11/2021 06:33:58,17.16,,
1119,07/11/2021 06:38:58,17.24,,
1120,07/11/2021 06:43:58,17.20,,
1121,07/11/2021 06:48:58,17.33,,
1122,07/11/2021 06:53:58,17.46,,
1123,07/11/2021 06:58:58,17.50,,
1124,07/11/2021 07:03:58,17.67,,
1125,07/11/2021 07:08:58,17.80,,
1126,07/11/2021 07:13:58,17.97,,
1127,07/11/2021 07:18:58,18.23,,
1128,07/11/2021 07:23:58,18.40,,
1129,07/11/2021 07:28:58,18.66,,
1130,07/11/2021 07:33:58,18.79,,
1131,07/11/2021 07:38:58,19.09,,
1132,07/11/2021 07:43:58,19.22,,
1133,07/11/2021 07:48:58,19.56,,
1134,07/11/2021 07:53:58,19.90,,
1135,07/11/2021 07:58:58,20.29,,
1136,07/11/2021 08:03:58,20.72,,
1137,07/11/2021 08:08:58,20.89,,
1138,07/11/2021 08:13:58,21.15,,
1139,07/11/2021 08:18:58,21.53,,
1140,07/11/2021 08:23:58,21.83,,
1141,07/11/2021 08:28:58,22.09,,
1142,07/11/2021 08:33:58,22.35,,
1143,07/11/2021 08:38:58,22.65,,
1144,07/11/2021 08:43:58,22.82,,
1145,07/11/2021 08:48:58,22.95,,
1146,07/11/2021 08:53:58,23.21,,
1147,07/11/2021 08:58:58,23.64,,
1148,07/11/2021 09:03:58,23.94,,
1149,07/11/2021 09:08:58,24.36,,
1150,07/11/2021 09:13:58,24.97,,
1151,07/11/2021 09:18:58,25.61,,
1152,07/11/2021 09:23:58,25.78,,
1153,07/11/2021 09:28:58,26.25,,
1154,07/11/2021 09:33:58,26.42,,
1155,07/11/2021 09:38:58,27.54,,
1156,07/11/2021 09:43:58,27.80,,
1157,07/11/2021 09:48:58,28.44,,
1158,07/11/2021 09:53:58,29.56,,
1159,07/11/2021 09:58:58,29.98,,
1160,07/11/2021 10:03:58,30.89,,
1161,07/11/2021 10:08:58,31.01,,
1162,07/11/2021 10:13:58,31.44,,
1163,07/11/2021 10:18:58,32.43,,
1164,07/11/2021 10:23:58,32.90,,
1165,07/11/2021 10:28:58,33.50,,
1166,07/11/2021 10:33:58,33.97,,
1167,07/11/2021 10:38:58,34.83,,
1168,07/11/2021 10:43:58,35.22,,
1169,07/11/2021 10:48:58,35.48,,
1170,07/11/2021 10:53:58,35.69,,
1171,07/11/2021 10:58:58,36.25,,
1172,07/11/2021 11:03:58,36.29,,
1173,07/11/2021 11:08:58,37.11,,
1174,07/11/2021 11:13:58,37.54,,
1175,07/11/2021 11:18:58,37.75,,
1176,07/11/2021 11:23:58,38.01,,
1177,07/11/2021 11:28:58,38.39,,
1178,07/11/2021 11:33:58,37.58,,
1179,07/11/2021 11:38:58,38.22,,
1180,07/11/2021 11:43:58,38.56,,
1181,07/11/2021 11:48:58,39.25,,
1182,07/11/2021 11:53:58,39.04,,
1183,07/11/2021 11:58:58,39.81,,
1184,07/11/2021 12:03:58,40.07,,
1185,07/11/2021 12:08:58,40.24,,
1186,07/11/2021 12:13:58,39.47,,
1187,07/11/2021 12:18:58,39.59,,
1188,07/11/2021 12:23:58,39.81,,
1189,07/11/2021 12:28:58,39.34,,
1190,07/11/2021 12:33:58,39.64,,
1191,07/11/2021 12:38:58,39.17,,
1192,07/11/2021 12:43:58,39.12,,
1193,07/11/2021 12:48:58,39.08,,
1194,07/11/2021 12:53:58,38.82,,
1195,07/11/2021 12:58:58,38.44,,
1196,07/11/2021 13:03:58,38.56,,
1197,07/11/2021 13:08:58,38.95,,
1198,07/11/2021 13:13:58,38.78,,
1199,07/11/2021 13:18:58,38.95,,
1200,07/11/2021 13:23:58,39.42,,
1201,07/11/2021 13:28:58,39.59,,
1202,07/11/2021 13:33:58,40.15,,
1203,07/11/2021 13:38:58,39.89,,
1204,07/11/2021 13:43:58,40.50,,
1205,07/11/2021 13:48:58,41.18,,
1206,07/11/2021 13:53:58,41.40,,
1207,07/11/2021 13:58:58,41.35,,
1208,07/11/2021 14:03:58,41.83,,
1209,07/11/2021 14:08:58,42.00,,
1210,07/11/2021 14:13:58,42.81,,
1211,07/11/2021 14:18:58,43.03,,
1212,07/11/2021 14:23:58,43.37,,
1213,07/11/2021 14:28:58,43.76,,
1214,07/11/2021 14:33:58,43.58,,
1215,07/11/2021 14:38:58,43.88,,
1216,07/11/2021 14:43:58,44.01,,
1217,07/11/2021 14:48:58,44.48,,
1218,07/11/2021 14:53:58,44.66,,
1219,07/11/2021 14:58:58,45.60,,
1220,07/11/2021 15:03:58,45.73,,
1221,07/11/2021 15:08:58,46.29,,
1222,07/11/2021 15:13:58,45.60,,
1223,07/11/2021 15:18:58,46.20,,
1224,07/11/2021 15:23:58,45.51,,
1225,07/11/2021 15:28:58,46.12,,
1226,07/11/2021 15:33:58,45.81,,
1227,07/11/2021 15:38:58,45.73,,
1228,07/11/2021 15:43:58,45.69,,
1229,07/11/2021 15:48:58,46.24,,
1230,07/11/2021 15:53:58,46.54,,
1231,07/11/2021 15:58:58,46.72,,
1232,07/11/2021 16:03:58,46.37,,
1233,07/11/2021 16:08:58,46.07,,
1234,07/11/2021 16:13:58,46.07,,
1235,07/11/2021 16:18:58,45.81,,
1236,07/11/2021 16:23:58,44.74,,
1237,07/11/2021 16:28:58,44.70,,
1238,07/11/2021 16:33:58,44.66,,
1239,07/11/2021 16:38:58,44.23,,
1240,07/11/2021 16:43:58,43.67,,
1241,07/11/2021 16:48:58,43.80,,
1242,07/11/2021 16:53:58,42.98,,
1243,07/11/2021 16:58:58,42.60,,
1244,07/11/2021 17:03:58,42.81,,
1245,07/11/2021 17:08:58,42.94,,
1246,07/11/2021 17:13:58,43.16,,
1247,07/11/2021 17:18:58,42.68,,
1248,07/11/2021 17:23:58,42.25,,
1249,07/11/2021 17:28:58,42.51,,
1250,07/11/2021 17:33:58,42.34,,
1251,07/11/2021 17:38:58,42.00,,
1252,07/11/2021 17:43:58,41.70,,
1253,07/11/2021 17:48:58,41.14,,
1254,07/11/2021 17:53:58,40.80,,
1255,07/11/2021 17:58:58,40.24,,
1256,07/11/2021 18:03:58,39.85,,
1257,07/11/2021 18:08:58,39.77,,
1258,07/11/2021 18:13:58,39.64,,
1259,07/11/2021 18:18:58,39.08,,
1260,07/11/2021 18:23:58,38.91,,
1261,07/11/2021 18:28:58,38.31,,
1262,07/11/2021 18:33:58,37.92,,
1263,07/11/2021 18:38:58,37.75,,
1264,07/11/2021 18:43:58,37.36,,
1265,07/11/2021 18:48:58,36.89,,
1266,07/11/2021 18:53:58,36.55,,
1267,07/11/2021 18:58:58,36.38,,
1268,07/11/2021 19:03:58,35.56,,
1269,07/11/2021 19:08:58,34.70,,
1270,07/11/2021 19:13:58,34.02,,
1271,07/11/2021 19:18:58,33.46,,
1272,07/11/2021 19:23:58,33.03,,
1273,07/11/2021 19:28:58,32.56,,
1274,07/11/2021 19:33:58,32.39,,
1275,07/11/2021 19:38:58,32.26,,
1276,07/11/2021 19:43:58,31.70,,
1277,07/11/2021 19:48:58,31.23,,
1278,07/11/2021 19:53:58,30.50,,
1279,07/11/2021 19:58:58,29.98,,
1280,07/11/2021 20:03:58,29.77,,
1281,07/11/2021 20:08:58,29.47,,
1282,07/11/2021 20:13:58,29.00,,
1283,07/11/2021 20:18:58,28.40,,
1284,07/11/2021 20:23:58,27.67,,
1285,07/11/2021 20:28:58,26.55,,
1286,07/11/2021 20:33:58,25.78,,
1287,07/11/2021 20:38:58,25.18,,
1288,07/11/2021 20:43:58,24.75,,
1289,07/11/2021 20:48:58,24.24,,
1290,07/11/2021 20:53:58,23.72,,
1291,07/11/2021 20:58:58,23.29,,
1292,07/11/2021 21:03:58,22.86,,
1293,07/11/2021 21:08:58,22.48,,
1294,07/11/2021 21:13:58,22.26,,
1295,07/11/2021 21:18:58,22.05,,
1296,07/11/2021 21:23:58,21.79,,
1297,07/11/2021 21:28:58,21.75,,
1298,07/11/2021 21:33:58,21.62,,
1299,07/11/2021 21:38:58,21.40,,
1300,07/11/2021 21:43:58,21.19,,
1301,07/11/2021 21:48:58,21.10,,
1302,07/11/2021 21:53:58,21.02,,
1303,07/11/2021 21:58:58,20.89,,
1304,07/11/2021 22:03:58,20.85,,
1305,07/11/2021 22:08:58,20.68,,
1306,07/11/2021 22:13:58,20.63,,
1307,07/11/2021 22:18:58,20.50,,
1308,07/11/2021 22:23:58,20.33,,
1309,07/11/2021 22:28:58,20.29,,
1310,07/11/2021 22:33:58,20.20,,
1311,07/11/2021 22:38:58,20.07,,
1312,07/11/2021 22:43:58,19.95,,
1313,07/11/2021 22:48:58,19.82,,
1314,07/11/2021 22:53:58,19.73,,
1315,07/11/2021 22:58:58,19.60,,
1316,07/11/2021 23:03:58,19.60,,
1317,07/11/2021 23:08:58,19.47,,
1318,07/11/2021 23:13:58,19.35,,
1319,07/11/2021 23:18:58,19.22,,
1320,07/11/2021 23:23:58,19.05,,
1321,07/11/2021 23:28:58,18.96,,
1322,07/11/2021 23:33:58,18.83,,
1323,07/11/2021 23:38:58,18.66,,
1324,07/11/2021 23:43:58,18.57,,
1325,07/11/2021 23:48:58,18.40,,
1326,07/11/2021 23:53:58,18.32,,
1327,07/11/2021 23:58:58,18.23,,
1328,07/12/2021 00:03:58,18.19,,
1329,07/12/2021 00:08:58,17.97,,
1330,07/12/2021 00:13:58,17.84,,
1331,07/12/2021 00:18:58,17.84,,
1332,07/12/2021 00:23:58,17.72,,
1333,07/12/2021 00:28:58,17.67,,
1334,07/12/2021 00:33:58,17.59,,
1335,07/12/2021 00:38:58,17.50,,
1336,07/12/2021 00:43:58,17.50,,
1337,07/12/2021 00:48:58,17.41,,
1338,07/12/2021 00:53:58,17.33,,
1339,07/12/2021 00:58:58,17.16,,
1340,07/12/2021 01:03:58,17.16,,
1341,07/12/2021 01:08:58,17.03,,
1342,07/12/2021 01:13:58,16.99,,
1343,07/12/2021 01:18:58,16.81,,
1344,07/12/2021 01:23:58,16.77,,
1345,07/12/2021 01:28:58,16.64,,
1346,07/12/2021 01:33:58,16.56,,
1347,07/12/2021 01:38:58,16.56,,
1348,07/12/2021 01:43:58,16.43,,
1349,07/12/2021 01:48:58,16.39,,
1350,07/12/2021 01:53:58,16.30,,
1351,07/12/2021 01:58:58,16.26,,
1352,07/12/2021 02:03:58,16.17,,
1353,07/12/2021 02:08:58,16.17,,
1354,07/12/2021 02:13:58,16.13,,
1355,07/12/2021 02:18:58,16.04,,
1356,07/12/2021 02:23:58,16.08,,
1357,07/12/2021 02:28:58,16.04,,
1358,07/12/2021 02:33:58,15.96,,
1359,07/12/2021 02:38:58,15.83,,
1360,07/12/2021 02:43:58,15.83,,
1361,07/12/2021 02:48:58,15.78,,
1362,07/12/2021 02:53:58,15.78,,
1363,07/12/2021 02:58:58,15.74,,
1364,07/12/2021 03:03:58,15.74,,
1365,07/12/2021 03:08:58,15.70,,
1366,07/12/2021 03:13:58,15.66,,
1367,07/12/2021 03:18:58,15.61,,
1368,07/12/2021 03:23:58,15.61,,
1369,07/12/2021 03:28:58,15.57,,
1370,07/12/2021 03:33:58,15.57,,
1371,07/12/2021 03:38:58,15.48,,
1372,07/12/2021 03:43:58,15.44,,
1373,07/12/2021 03:48:58,15.36,,
1374,07/12/2021 03:53:58,15.40,,
1375,07/12/2021 03:58:58,15.40,,
1376,07/12/2021 04:03:58,15.36,,
1377,07/12/2021 04:08:58,15.31,,
1378,07/12/2021 04:13:58,15.31,,
1379,07/12/2021 04:18:58,15.23,,
1380,07/12/2021 04:23:58,15.14,,
1381,07/12/2021 04:28:58,15.10,,
1382,07/12/2021 04:33:58,15.10,,
1383,07/12/2021 04:38:58,15.06,,
1384,07/12/2021 04:43:58,15.01,,
1385,07/12/2021 04:48:58,15.01,,
1386,07/12/2021 04:53:58,15.01,,
1387,07/12/2021 04:58:58,15.10,,
1388,07/12/2021 05:03:58,15.06,,
1389,07/12/2021 05:08:58,15.01,,
1390,07/12/2021 05:13:58,15.10,,
1391,07/12/2021 05:18:58,14.88,,
1392,07/12/2021 05:23:58,14.93,,
1393,07/12/2021 05:28:58,14.84,,
1394,07/12/2021 05:33:58,14.75,,
1395,07/12/2021 05:38:58,14.84,,
1396,07/12/2021 05:43:58,14.75,,
1397,07/12/2021 05:48:58,14.67,,
1398,07/12/2021 05:53:58,14.67,,
1399,07/12/2021 05:58:58,14.54,,
1400,07/12/2021 06:03:58,14.58,,
1401,07/12/2021 06:08:58,14.58,,
1402,07/12/2021 06:13:58,14.63,,
1403,07/12/2021 06:18:58,14.67,,
1404,07/12/2021 06:23:58,14.71,,
1405,07/12/2021 06:28:58,14.84,,
1406,07/12/2021 06:33:58,14.93,,
1407,07/12/2021 06:38:58,14.93,,
1408,07/12/2021 06:43:58,15.01,,
1409,07/12/2021 06:48:58,15.23,,
1410,07/12/2021 06:53:58,15.23,,
1411,07/12/2021 06:58:58,15.27,,
1412,07/12/2021 07:03:58,15.48,,
1413,07/12/2021 07:08:58,15.61,,
1414,07/12/2021 07:13:58,15.74,,
1415,07/12/2021 07:18:58,15.87,,
1416,07/12/2021 07:23:58,15.96,,
1417,07/12/2021 07:28:58,16.00,,
1418,07/12/2021 07:33:58,16.08,,
1419,07/12/2021 07:38:58,16.13,,
1420,07/12/2021 07:43:58,16.26,,
1421,07/12/2021 07:48:58,16.64,,
1422,07/12/2021 07:53:58,16.99,,
1423,07/12/2021 07:58:58,17.24,,
1424,07/12/2021 08:03:58,17.54,,
1425,07/12/2021 08:08:58,17.80,,
1426,07/12/2021 08:13:58,17.84,,
1427,07/12/2021 08:18:58,18.44,,
1428,07/12/2021 08:23:58,18.62,,
1429,07/12/2021 08:28:58,19.00,,
1430,07/12/2021 08:33:58,19.39,,
1431,07/12/2021 08:38:58,19.69,,
1432,07/12/2021 08:43:58,19.90,,
1433,07/12/2021 08:48:58,20.07,,
1434,07/12/2021 08:53:58,20.42,,
1435,07/12/2021 08:58:58,20.63,,
1436,07/12/2021 09:03:58,21.19,,
1437,07/12/2021 09:08:58,21.70,,
1438,07/12/2021 09:13:58,21.96,,
1439,07/12/2021 09:18:58,22.18,,
1440,07/12/2021 09:23:58,22.31,,
1441,07/12/2021 09:28:58,22.22,,
1442,07/12/2021 09:33:58,22.95,,
1443,07/12/2021 09:38:58,23.51,,
1444,07/12/2021 09:43:58,23.72,,
1445,07/12/2021 09:48:58,25.01,,
1446,07/12/2021 09:53:58,25.39,,
1447,07/12/2021 09:58:58,25.57,,
1448,07/12/2021 10:03:58,25.87,,
1449,07/12/2021 10:08:58,26.81,,
1450,07/12/2021 10:13:58,27.84,,
1451,07/12/2021 10:18:58,28.18,,
1452,07/12/2021 10:23:58,28.95,,
1453,07/12/2021 10:28:58,29.51,,
1454,07/12/2021 10:33:58,29.73,,
1455,07/12/2021 10:38:58,30.41,,
1456,07/12/2021 10:43:58,31.01,,
1457,07/12/2021 10:48:58,30.59,,
1458,07/12/2021 10:53:58,30.89,,
1459,07/12/2021 10:58:58,31.10,,
1460,07/12/2021 11:03:58,30.84,,
1461,07/12/2021 11:08:58,31.57,,
1462,07/12/2021 11:13:58,30.28,,
1463,07/12/2021 11:18:58,30.67,,
1464,07/12/2021 11:23:58,32.17,,
1465,07/12/2021 11:28:58,33.12,,
1466,07/12/2021 11:33:58,32.99,,
1467,07/12/2021 11:38:58,32.73,,
1468,07/12/2021 11:43:58,33.03,,
1469,07/12/2021 11:48:58,32.60,,
1470,07/12/2021 11:53:58,32.69,,
1471,07/12/2021 11:58:58,34.23,,
1472,07/12/2021 12:03:58,32.86,,
1473,07/12/2021 12:08:58,32.26,,
1474,07/12/2021 12:13:58,33.33,,
1475,07/12/2021 12:18:58,34.45,,
1476,07/12/2021 12:23:58,33.80,,
1477,07/12/2021 12:28:58,33.93,,
1478,07/12/2021 12:33:58,34.66,,
1479,07/12/2021 12:38:58,34.70,,
1480,07/12/2021 12:43:58,34.83,,
1481,07/12/2021 12:48:58,34.10,,
1482,07/12/2021 12:53:58,34.32,,
1483,07/12/2021 12:58:58,34.36,,
1484,07/12/2021 13:03:58,34.83,,
1485,07/12/2021 13:08:58,34.79,,
1486,07/12/2021 13:13:58,35.43,,
1487,07/12/2021 13:18:58,35.09,,
1488,07/12/2021 13:23:58,35.22,,
1489,07/12/2021 13:28:58,35.52,,
1490,07/12/2021 13:33:58,35.18,,
1491,07/12/2021 13:38:58,35.52,,
1492,07/12/2021 13:43:58,35.99,,
1493,07/12/2021 13:48:58,35.99,,
1494,07/12/2021 13:53:58,35.65,,
1495,07/12/2021 13:58:58,35.73,,
1496,07/12/2021 14:03:58,35.78,,
1497,07/12/2021 14:08:58,36.59,,
1498,07/12/2021 14:13:58,37.19,,
1499,07/12/2021 14:18:58,37.19,,
1500,07/12/2021 14:23:58,37.79,,
1501,07/12/2021 14:28:58,38.35,,
1502,07/12/2021 14:33:58,38.48,,
1503,07/12/2021 14:38:58,39.08,,
1504,07/12/2021 14:43:58,38.91,,
1505,07/12/2021 14:48:58,39.51,,
1506,07/12/2021 14:53:58,38.99,,
1507,07/12/2021 14:58:58,39.85,,
1508,07/12/2021 15:03:58,40.50,,
1509,07/12/2021 15:08:58,40.45,,
1510,07/12/2021 15:13:58,40.50,,
1511,07/12/2021 15:18:58,41.01,,
1512,07/12/2021 15:23:58,41.57,,
1513,07/12/2021 15:28:58,42.21,,
1514,07/12/2021 15:33:58,42.34,,
1515,07/12/2021 15:38:58,42.21,,
1516,07/12/2021 15:43:58,42.55,,
1517,07/12/2021 15:48:58,42.17,,
1518,07/12/2021 15:53:58,41.74,,
1519,07/12/2021 15:58:58,42.21,,
1520,07/12/2021 16:03:58,41.87,,
1521,07/12/2021 16:08:58,41.87,,
1522,07/12/2021 16:13:58,41.95,,
1523,07/12/2021 16:18:58,41.70,,
1524,07/12/2021 16:23:58,41.31,,
1525,07/12/2021 16:28:58,40.67,,
1526,07/12/2021 16:33:58,40.02,,
1527,07/12/2021 16:38:58,40.32,,
1528,07/12/2021 16:43:58,40.41,,
1529,07/12/2021 16:48:58,40.24,,
1530,07/12/2021 16:53:58,40.75,,
1531,07/12/2021 16:58:58,40.32,,
1532,07/12/2021 17:03:58,40.24,,
1533,07/12/2021 17:08:58,39.89,,
1534,07/12/2021 17:13:58,39.85,,
1535,07/12/2021 17:18:58,39.47,,
1536,07/12/2021 17:23:58,39.77,,
1537,07/12/2021 17:28:58,39.25,,
1538,07/12/2021 17:33:58,39.12,,
1539,07/12/2021 17:38:58,38.74,,
1540,07/12/2021 17:43:58,38.65,,
1541,07/12/2021 17:48:58,38.69,,
1542,07/12/2021 17:53:58,38.39,,
1543,07/12/2021 17:58:58,37.41,,
1544,07/12/2021 18:03:58,37.36,,
1545,07/12/2021 18:08:58,37.23,,
1546,07/12/2021 18:13:58,36.59,,
1547,07/12/2021 18:18:58,35.99,,
1548,07/12/2021 18:23:58,35.56,,
1549,07/12/2021 18:28:58,35.26,,
1550,07/12/2021 18:33:58,34.53,,
1551,07/12/2021 18:38:58,34.27,,
1552,07/12/2021 18:43:58,33.63,,
1553,07/12/2021 18:48:58,33.20,,
1554,07/12/2021 18:53:58,32.73,,
1555,07/12/2021 18:58:58,32.09,,
1556,07/12/2021 19:03:58,31.49,,
1557,07/12/2021 19:08:58,31.27,,
1558,07/12/2021 19:13:58,30.76,,
1559,07/12/2021 19:18:58,30.41,,
1560,07/12/2021 19:23:58,29.73,,
1561,07/12/2021 19:28:58,29.38,,
1562,07/12/2021 19:33:58,28.87,,
1563,07/12/2021 19:38:58,28.44,,
1564,07/12/2021 19:43:58,28.01,,
1565,07/12/2021 19:48:58,27.45,,
1566,07/12/2021 19:53:58,26.85,,
1567,07/12/2021 19:58:58,26.42,,
1568,07/12/2021 20:03:58,26.08,,
1569,07/12/2021 20:08:58,25.91,,
1570,07/12/2021 20:13:58,25.48,,
1571,07/12/2021 20:18:58,24.92,,
1572,07/12/2021 20:23:58,24.15,,
1573,07/12/2021 20:28:58,23.42,,
1574,07/12/2021 20:33:58,22.86,,
1575,07/12/2021 20:38:58,22.52,,
1576,07/12/2021 20:43:58,22.13,,
1577,07/12/2021 20:48:58,21.83,,
1578,07/12/2021 20:53:58,21.53,,
1579,07/12/2021 20:58:58,21.36,,
1580,07/12/2021 21:03:58,20.98,,
1581,07/12/2021 21:08:58,20.76,,
1582,07/12/2021 21:13:58,20.59,,
1583,07/12/2021 21:18:58,20.46,,
1584,07/12/2021 21:23:58,20.20,,
1585,07/12/2021 21:28:58,19.95,,
1586,07/12/2021 21:33:58,19.73,,
1587,07/12/2021 21:38:58,19.43,,
1588,07/12/2021 21:43:58,19.30,,
1589,07/12/2021 21:48:58,19.22,,
1590,07/12/2021 21:53:58,19.00,,
1591,07/12/2021 21:58:58,18.87,,
1592,07/12/2021 22:03:58,18.62,,
1593,07/12/2021 22:08:58,18.53,,
1594,07/12/2021 22:13:58,18.44,,
1595,07/12/2021 22:18:58,18.40,,
1596,07/12/2021 22:23:58,18.32,,
1597,07/12/2021 22:28:58,18.19,,
1598,07/12/2021 22:33:58,18.06,,
1599,07/12/2021 22:38:58,17.89,,
1600,07/12/2021 22:43:58,17.76,,
1601,07/12/2021 22:48:58,17.67,,
1602,07/12/2021 22:53:58,17.59,,
1603,07/12/2021 22:58:58,17.50,,
1604,07/12/2021 23:03:58,17.41,,
1605,07/12/2021 23:08:58,17.37,,
1606,07/12/2021 23:13:58,17.41,,
1607,07/12/2021 23:18:58,17.29,,
1608,07/12/2021 23:23:58,17.29,,
1609,07/12/2021 23:28:58,17.24,,
1610,07/12/2021 23:33:58,17.11,,
1611,07/12/2021 23:38:58,17.03,,
1612,07/12/2021 23:43:58,16.94,,
1613,07/12/2021 23:48:58,16.90,,
1614,07/12/2021 23:53:58,16.77,,
1615,07/12/2021 23:58:58,16.64,,
1616,07/13/2021 00:03:58,16.56,,
1617,07/13/2021 00:08:58,16.43,,
1618,07/13/2021 00:13:58,16.39,,
1619,07/13/2021 00:18:58,16.30,,
1620,07/13/2021 00:23:58,16.26,,
1621,07/13/2021 00:28:58,16.21,,
1622,07/13/2021 00:33:58,16.04,,
1623,07/13/2021 00:38:58,16.04,,
1624,07/13/2021 00:43:58,15.91,,
1625,07/13/2021 00:48:58,15.96,,
1626,07/13/2021 00:53:58,16.00,,
1627,07/13/2021 00:58:58,16.00,,
1628,07/13/2021 01:03:58,15.91,,
1629,07/13/2021 01:08:58,15.83,,
1630,07/13/2021 01:13:58,15.78,,
1631,07/13/2021 01:18:58,15.78,,
1632,07/13/2021 01:23:58,15.74,,
1633,07/13/2021 01:28:58,15.70,,
1634,07/13/2021 01:33:58,15.61,,
1635,07/13/2021 01:38:58,15.70,,
1636,07/13/2021 01:43:58,15.66,,
1637,07/13/2021 01:48:58,15.61,,
1638,07/13/2021 01:53:58,15.61,,
1639,07/13/2021 01:58:58,15.57,,
1640,07/13/2021 02:03:58,15.53,,
1641,07/13/2021 02:08:58,15.53,,
1642,07/13/2021 02:13:58,15.53,,
1643,07/13/2021 02:18:58,15.53,,
1644,07/13/2021 02:23:58,15.48,,
1645,07/13/2021 02:28:58,15.44,,
1646,07/13/2021 02:33:58,15.31,,
1647,07/13/2021 02:38:58,15.23,,
1648,07/13/2021 02:43:58,15.18,,
1649,07/13/2021 02:48:58,15.18,,
1650,07/13/2021 02:53:58,15.10,,
1651,07/13/2021 02:58:58,15.10,,
1652,07/13/2021 03:03:58,15.06,,
1653,07/13/2021 03:08:58,15.01,,
1654,07/13/2021 03:13:58,14.75,,
1655,07/13/2021 03:18:58,14.71,,
1656,07/13/2021 03:23:58,14.71,,
1657,07/13/2021 03:28:58,14.75,,
1658,07/13/2021 03:33:58,14.80,,
1659,07/13/2021 03:38:58,14.75,,
1660,07/13/2021 03:43:58,14.75,,
1661,07/13/2021 03:48:58,14.63,,
1662,07/13/2021 03:53:58,14.67,,
1663,07/13/2021 03:58:58,14.58,,
1664,07/13/2021 04:03:58,14.58,,
1665,07/13/2021 04:08:58,14.58,,
1666,07/13/2021 04:13:58,14.58,,
1667,07/13/2021 04:18:58,14.58,,
1668,07/13/2021 04:23:58,14.67,,
1669,07/13/2021 04:28:58,14.45,,
1670,07/13/2021 04:33:58,14.41,,
1671,07/13/2021 04:38:58,14.45,,
1672,07/13/2021 04:43:58,14.33,,
1673,07/13/2021 04:48:58,14.15,,
1674,07/13/2021 04:53:58,14.11,,
1675,07/13/2021 04:58:58,14.15,,
1676,07/13/2021 05:03:58,14.11,,
1677,07/13/2021 05:08:58,14.07,,
1678,07/13/2021 05:13:58,14.15,,
1679,07/13/2021 05:18:58,14.11,,
1680,07/13/2021 05:23:58,14.11,,
1681,07/13/2021 05:28:58,14.03,,
1682,07/13/2021 05:33:58,13.98,,
1683,07/13/2021 05:38:58,13.81,,
1684,07/13/2021 05:43:58,13.85,,
1685,07/13/2021 05:48:58,13.98,,
1686,07/13/2021 05:53:58,13.90,,
1687,07/13/2021 05:58:58,13.90,,
1688,07/13/2021 06:03:58,14.07,,
1689,07/13/2021 06:08:58,14.11,,
1690,07/13/2021 06:13:58,13.98,,
1691,07/13/2021 06:18:58,14.11,,
1692,07/13/2021 06:23:58,14.24,,
1693,07/13/2021 06:28:58,14.11,,
1694,07/13/2021 06:33:58,14.28,,
1695,07/13/2021 06:38:58,14.37,,
1696,07/13/2021 06:43:58,14.50,,
1697,07/13/2021 06:48:58,14.50,,
1698,07/13/2021 06:53:58,14.58,,
1699,07/13/2021 06:58:58,14.67,,
1700,07/13/2021 07:03:58,14.80,,
1701,07/13/2021 07:08:58,14.97,,
1702,07/13/2021 07:13:58,15.23,,
1703,07/13/2021 07:18:58,15.31,,
1704,07/13/2021 07:23:58,15.40,,
1705,07/13/2021 07:28:58,15.44,,
1706,07/13/2021 07:33:58,15.66,,
1707,07/13/2021 07:38:58,15.87,,
1708,07/13/2021 07:43:58,16.13,,
1709,07/13/2021 07:48:58,16.26,,
1710,07/13/2021 07:53:58,16.56,,
1711,07/13/2021 07:58:58,16.94,,
1712,07/13/2021 08:03:58,17.29,,
1713,07/13/2021 08:08:58,17.54,,
1714,07/13/2021 08:13:58,17.76,,
1715,07/13/2021 08:18:58,18.02,,
1716,07/13/2021 08:23:58,18.53,,
1717,07/13/2021 08:28:58,18.62,,
1718,07/13/2021 08:33:58,18.79,,
1719,07/13/2021 08:38:58,19.05,,
1720,07/13/2021 08:43:58,19.39,,
1721,07/13/2021 08:48:58,19.77,,
1722,07/13/2021 08:53:58,20.25,,
1723,07/13/2021 08:58:58,20.37,,
1724,07/13/2021 09:03:58,20.63,,
1725,07/13/2021 09:08:58,20.63,,
1726,07/13/2021 09:13:58,21.02,,
1727,07/13/2021 09:18:58,21.83,,
1728,07/13/2021 09:23:58,22.31,,
1729,07/13/2021 09:28:58,22.82,,
1730,07/13/2021 09:33:58,23.34,,
1731,07/13/2021 09:38:58,23.59,,
1732,07/13/2021 09:43:58,24.15,,
1733,07/13/2021 09:48:58,24.97,,
1734,07/13/2021 09:53:58,24.88,,
1735,07/13/2021 09:58:58,25.61,,
1736,07/13/2021 10:03:58,25.69,,
1737,07/13/2021 10:08:58,26.55,,
1738,07/13/2021 10:13:58,27.80,,
1739,07/13/2021 10:18:58,28.27,,
1740,07/13/2021 10:23:58,28.05,,
1741,07/13/2021 10:28:58,28.74,,
1742,07/13/2021 10:33:58,29.34,,
1743,07/13/2021 10:38:58,29.51,,
1744,07/13/2021 10:43:58,29.64,,
1745,07/13/2021 10:48:58,29.86,,
1746,07/13/2021 10:53:58,29.86,,
1747,07/13/2021 10:58:58,30.54,,
1748,07/13/2021 11:03:58,30.59,,
1749,07/13/2021 11:08:58,30.28,,
1750,07/13/2021 11:13:58,30.97,,
1751,07/13/2021 11:18:58,31.27,,
1752,07/13/2021 11:23:58,31.87,,
1753,07/13/2021 11:28:58,32.52,,
1754,07/13/2021 11:33:58,32.43,,
1755,07/13/2021 11:38:58,32.64,,
1756,07/13/2021 11:43:58,32.43,,
1757,07/13/2021 11:48:58,31.87,,
1758,07/13/2021 11:53:58,32.04,,
1759,07/13/2021 11:58:58,32.04,,
1760,07/13/2021 12:03:58,32.09,,
1761,07/13/2021 12:08:58,32.17,,
1762,07/13/2021 12:13:58,32.60,,
1763,07/13/2021 12:18:58,32.94,,
1764,07/13/2021 12:23:58,32.90,,
1765,07/13/2021 12:28:58,33.33,,
1766,07/13/2021 12:33:58,33.42,,
1767,07/13/2021 12:38:58,33.46,,
1768,07/13/2021 12:43:58,32.69,,
1769,07/13/2021 12:48:58,33.16,,
1770,07/13/2021 12:53:58,32.60,,
1771,07/13/2021 12:58:58,31.96,,
1772,07/13/2021 13:03:58,32.34,,
1773,07/13/2021 13:08:58,32.26,,
1774,07/13/2021 13:13:58,31.83,,
1775,07/13/2021 13:18:58,32.04,,
1776,07/13/2021 13:23:58,31.87,,
1777,07/13/2021 13:28:58,31.96,,
1778,07/13/2021 13:33:58,32.39,,
1779,07/13/2021 13:38:58,32.60,,
1780,07/13/2021 13:43:58,33.03,,
1781,07/13/2021 13:48:58,33.42,,
1782,07/13/2021 13:53:58,33.89,,
1783,07/13/2021 13:58:58,33.25,,
1784,07/13/2021 14:03:58,33.55,,
1785,07/13/2021 14:08:58,33.46,,
1786,07/13/2021 14:13:58,34.23,,
1787,07/13/2021 14:18:58,34.96,,
1788,07/13/2021 14:23:58,35.35,,
1789,07/13/2021 14:28:58,35.69,,
1790,07/13/2021 14:33:58,35.90,,
1791,07/13/2021 14:38:58,35.95,,
1792,07/13/2021 14:43:58,36.29,,
1793,07/13/2021 14:48:58,36.03,,
1794,07/13/2021 14:53:58,36.25,,
1795,07/13/2021 14:58:58,37.11,,
1796,07/13/2021 15:03:58,37.15,,
1797,07/13/2021 15:08:58,37.79,,
1798,07/13/2021 15:13:58,38.05,,
1799,07/13/2021 15:18:58,38.26,,
1800,07/13/2021 15:23:58,38.22,,
1801,07/13/2021 15:28:58,38.52,,
1802,07/13/2021 15:33:58,38.44,,
1803,07/13/2021 15:38:58,38.91,,
1804,07/13/2021 15:43:58,38.56,,
1805,07/13/2021 15:48:58,38.78,,
1806,07/13/2021 15:53:58,38.09,,
1807,07/13/2021 15:58:58,37.62,,
1808,07/13/2021 16:03:58,38.65,,
1809,07/13/2021 16:08:58,38.78,,
1810,07/13/2021 16:13:58,39.17,,
1811,07/13/2021 16:18:58,38.31,,
1812,07/13/2021 16:23:58,38.39,,
1813,07/13/2021 16:28:58,37.92,,
1814,07/13/2021 16:33:58,37.92,,
1815,07/13/2021 16:38:58,37.62,,
1816,07/13/2021 16:43:58,37.58,,
1817,07/13/2021 16:48:58,37.66,,
1818,07/13/2021 16:53:58,37.54,,
1819,07/13/2021 16:58:58,37.23,,
1820,07/13/2021 17:03:58,37.54,,
1821,07/13/2021 17:08:58,36.42,,
1822,07/13/2021 17:13:58,36.76,,
1823,07/13/2021 17:18:58,36.08,,
1824,07/13/2021 17:23:58,36.16,,
1825,07/13/2021 17:28:58,35.78,,
1826,07/13/2021 17:33:58,35.82,,
1827,07/13/2021 17:38:58,35.65,,
1828,07/13/2021 17:43:58,35.35,,
1829,07/13/2021 17:48:58,35.26,,
1830,07/13/2021 17:53:58,34.62,,
1831,07/13/2021 17:58:58,34.15,,
1832,07/13/2021 18:03:58,33.42,,
1833,07/13/2021 18:08:58,32.77,,
1834,07/13/2021 18:13:58,32.26,,
1835,07/13/2021 18:18:58,32.34,,
1836,07/13/2021 18:23:58,32.04,,
1837,07/13/2021 18:28:58,31.79,,
1838,07/13/2021 18:33:58,31.14,,
1839,07/13/2021 18:38:58,30.59,,
1840,07/13/2021 18:43:58,30.59,,
1841,07/13/2021 18:48:58,30.28,,
1842,07/13/2021 18:53:58,29.81,,
1843,07/13/2021 18:58:58,29.73,,
1844,07/13/2021 19:03:58,29.60,,
1845,07/13/2021 19:08:58,29.47,,
1846,07/13/2021 19:13:58,28.70,,
1847,07/13/2021 19:18:58,28.48,,
1848,07/13/2021 19:23:58,28.05,,
1849,07/13/2021 19:28:58,27.54,,
1850,07/13/2021 19:33:58,26.94,,
1851,07/13/2021 19:38:58,26.47,,
1852,07/13/2021 19:43:58,26.12,,
1853,07/13/2021 19:48:58,25.82,,
1854,07/13/2021 19:53:58,25.57,,
1855,07/13/2021 19:58:58,25.52,,
1856,07/13/2021 20:03:58,25.31,,
1857,07/13/2021 20:08:58,25.18,,
1858,07/13/2021 20:13:58,24.97,,
1859,07/13/2021 20:18:58,24.24,,
1860,07/13/2021 20:23:58,23.46,,
1861,07/13/2021 20:28:58,22.61,,
1862,07/13/2021 20:33:58,22.05,,
1863,07/13/2021 20:38:58,21.66,,
1864,07/13/2021 20:43:58,21.45,,
1865,07/13/2021 20:48:58,21.15,,
1866,07/13/2021 20:53:58,20.98,,
1867,07/13/2021 20:58:58,20.72,,
1868,07/13/2021 21:03:58,20.46,,
1869,07/13/2021 21:08:58,20.37,,
1870,07/13/2021 21:13:58,20.07,,
1871,07/13/2021 21:18:58,19.82,,
1872,07/13/2021 21:23:58,19.65,,
1873,07/13/2021 21:28:58,19.43,,
1874,07/13/2021 21:33:58,19.26,,
1875,07/13/2021 21:38:58,19.09,,
1876,07/13/2021 21:43:58,19.00,,
1877,07/13/2021 21:48:58,18.92,,
1878,07/13/2021 21:53:58,18.70,,
1879,07/13/2021 21:58:58,18.53,,
1880,07/13/2021 22:03:58,18.32,,
1881,07/13/2021 22:08:58,18.19,,
1882,07/13/2021 22:13:58,18.14,,
1883,07/13/2021 22:18:58,17.89,,
1884,07/13/2021 22:23:58,17.76,,
1885,07/13/2021 22:28:58,17.63,,
1886,07/13/2021 22:33:58,17.37,,
1887,07/13/2021 22:38:58,17.24,,
1888,07/13/2021 22:43:58,17.11,,
1889,07/13/2021 22:48:58,17.03,,
1890,07/13/2021 22:53:58,16.86,,
1891,07/13/2021 22:58:58,16.81,,
1892,07/13/2021 23:03:58,16.81,,
1893,07/13/2021 23:08:58,16.77,,
1894,07/13/2021 23:13:58,16.73,,
1895,07/13/2021 23:18:58,16.64,,
1896,07/13/2021 23:23:58,16.56,,
1897,07/13/2021 23:28:58,16.51,,
1898,07/13/2021 23:33:58,16.43,,
1899,07/13/2021 23:38:58,16.39,,
1900,07/13/2021 23:43:58,16.34,,
1901,07/13/2021 23:48:58,16.34,,
1902,07/13/2021 23:53:58,16.34,,
1903,07/13/2021 23:58:58,16.30,,
1904,07/14/2021 00:03:58,16.26,,
1905,07/14/2021 00:08:58,16.34,,
1906,07/14/2021 00:13:58,16.26,,
1907,07/14/2021 00:18:58,16.30,,
1908,07/14/2021 00:23:58,16.34,,
1909,07/14/2021 00:28:58,16.26,,
1910,07/14/2021 00:33:58,16.21,,
1911,07/14/2021 00:38:58,16.21,,
1912,07/14/2021 00:43:58,16.13,,
1913,07/14/2021 00:48:58,16.08,,
1914,07/14/2021 00:53:58,16.04,,
1915,07/14/2021 00:58:58,16.00,,
1916,07/14/2021 01:03:58,16.04,,
1917,07/14/2021 01:08:58,16.04,,
1918,07/14/2021 01:13:58,15.96,,
1919,07/14/2021 01:18:58,15.91,,
1920,07/14/2021 01:23:58,15.87,,
1921,07/14/2021 01:28:58,15.91,,
1922,07/14/2021 01:33:58,15.87,,
1923,07/14/2021 01:38:58,15.74,,
1924,07/14/2021 01:43:58,15.74,,
1925,07/14/2021 01:48:58,15.61,,
1926,07/14/2021 01:53:58,15.57,,
1927,07/14/2021 01:58:58,15.53,,
1928,07/14/2021 02:03:58,15.44,,
1929,07/14/2021 02:08:58,15.40,,
1930,07/14/2021 02:13:58,15.36,,
1931,07/14/2021 02:18:58,15.36,,
1932,07/14/2021 02:23:58,15.31,,
1933,07/14/2021 02:28:58,15.31,,
1934,07/14/2021 02:33:58,15.18,,
1935,07/14/2021 02:38:58,15.18,,
1936,07/14/2021 02:43:58,15.06,,
1937,07/14/2021 02:48:58,14.97,,
1938,07/14/2021 02:53:58,14.80,,
1939,07/14/2021 02:58:58,14.93,,
1940,07/14/2021 03:03:58,14.88,,
1941,07/14/2021 03:08:58,14.88,,
1942,07/14/2021 03:13:58,14.84,,
1943,07/14/2021 03:18:58,14.80,,
1944,07/14/2021 03:23:58,14.84,,
1945,07/14/2021 03:28:58,14.80,,
1946,07/14/2021 03:33:58,14.67,,
1947,07/14/2021 03:38:58,14.50,,
1948,07/14/2021 03:43:58,14.45,,
1949,07/14/2021 03:48:58,14.45,,
1950,07/14/2021 03:53:58,14.41,,
1951,07/14/2021 03:58:58,14.37,,
1952,07/14/2021 04:03:58,14.24,,
1953,07/14/2021 04:08:58,14.20,,
1954,07/14/2021 04:13:58,14.20,,
1955,07/14/2021 04:18:58,14.07,,
1956,07/14/2021 04:23:58,14.11,,
1957,07/14/2021 04:28:58,14.03,,
1958,07/14/2021 04:33:58,13.94,,
1959,07/14/2021 04:38:58,13.85,,
1960,07/14/2021 04:43:58,13.81,,
1961,07/14/2021 04:48:58,13.85,,
1962,07/14/2021 04:53:58,13.81,,
1963,07/14/2021 04:58:58,13.77,,
1964,07/14/2021 05:03:58,13.73,,
1965,07/14/2021 05:08:58,13.68,,
1966,07/14/2021 05:13:58,13.60,,
1967,07/14/2021 05:18:58,13.60,,
1968,07/14/2021 05:23:58,13.55,,
1969,07/14/2021 05:28:58,13.51,,
1970,07/14/2021 05:33:58,13.47,,
1971,07/14/2021 05:38:58,13.43,,
1972,07/14/2021 05:43:58,13.47,,
1973,07/14/2021 05:48:58,13.38,,
1974,07/14/2021 05:53:58,13.25,,
1975,07/14/2021 05:58:58,13.30,,
1976,07/14/2021 06:03:58,13.30,,
1977,07/14/2021 06:08:58,13.38,,
1978,07/14/2021 06:13:58,13.34,,
1979,07/14/2021 06:18:58,13.30,,
1980,07/14/2021 06:23:58,13.34,,
1981,07/14/2021 06:28:58,13.43,,
1982,07/14/2021 06:33:58,13.55,,
1983,07/14/2021 06:38:58,13.73,,
1984,07/14/2021 06:43:58,13.81,,
1985,07/14/2021 06:48:58,14.03,,
1986,07/14/2021 06:53:58,14.07,,
1987,07/14/2021 06:58:58,14.24,,
1988,07/14/2021 07:03:58,14.50,,
1989,07/14/2021 07:08:58,14.67,,
1990,07/14/2021 07:13:58,14.80,,
1991,07/14/2021 07:18:58,14.93,,
1992,07/14/2021 07:23:58,15.18,,
1993,07/14/2021 07:28:58,15.36,,
1994,07/14/2021 07:33:58,15.57,,
1995,07/14/2021 07:38:58,15.57,,
1996,07/14/2021 07:43:58,15.91,,
1997,07/14/2021 07:48:58,16.26,,
1998,07/14/2021 07:53:58,16.73,,
1999,07/14/2021 07:58:58,17.07,,
2000,07/14/2021 08:03:58,17.33,,
2001,07/14/2021 08:08:58,17.50,,
2002,07/14/2021 08:13:58,17.84,,
2003,07/14/2021 08:18:58,18.14,,
2004,07/14/2021 08:23:58,18.40,,
2005,07/14/2021 08:28:58,18.79,,
2006,07/14/2021 08:33:58,19.05,,
2007,07/14/2021 08:38:58,19.09,,
2008,07/14/2021 08:43:58,19.35,,
2009,07/14/2021 08:48:58,19.86,,
2010,07/14/2021 08:53:58,20.46,,
2011,07/14/2021 08:58:58,20.98,,
2012,07/14/2021 09:03:58,21.32,,
2013,07/14/2021 09:08:58,21.92,,
2014,07/14/2021 09:13:58,22.48,,
2015,07/14/2021 09:18:58,22.82,,
2016,07/14/2021 09:23:58,23.03,,
2017,07/14/2021 09:28:58,23.64,,
2018,07/14/2021 09:33:58,23.72,,
2019,07/14/2021 09:38:58,24.62,,
2020,07/14/2021 09:43:58,24.97,,
2021,07/14/2021 09:48:58,25.57,,
2022,07/14/2021 09:53:58,26.55,,
2023,07/14/2021 09:58:58,27.20,,
2024,07/14/2021 10:03:58,27.41,,
2025,07/14/2021 10:08:58,28.05,,
2026,07/14/2021 10:13:58,28.53,,
2027,07/14/2021 10:18:58,28.48,,
2028,07/14/2021 10:23:58,28.87,,
2029,07/14/2021 10:28:58,29.77,,
2030,07/14/2021 10:33:58,30.67,,
2031,07/14/2021 10:38:58,30.11,,
2032,07/14/2021 10:43:58,30.50,,
2033,07/14/2021 10:48:58,31.06,,
2034,07/14/2021 10:53:58,31.44,,
2035,07/14/2021 10:58:58,31.53,,
2036,07/14/2021 11:03:58,30.54,,
2037,07/14/2021 11:08:58,30.11,,
2038,07/14/2021 11:13:58,30.59,,
2039,07/14/2021 11:18:58,31.74,,
2040,07/14/2021 11:23:58,32.04,,
2041,07/14/2021 11:28:58,32.47,,
2042,07/14/2021 11:33:58,32.04,,
2043,07/14/2021 11:38:58,32.09,,
2044,07/14/2021 11:43:58,32.34,,
2045,07/14/2021 11:48:58,32.90,,
2046,07/14/2021 11:53:58,32.90,,
2047,07/14/2021 11:58:58,32.94,,
2048,07/14/2021 12:03:58,32.47,,
2049,07/14/2021 12:08:58,33.33,,
2050,07/14/2021 12:13:58,33.80,,
2051,07/14/2021 12:18:58,33.46,,
2052,07/14/2021 12:23:58,34.32,,
2053,07/14/2021 12:28:58,34.62,,
2054,07/14/2021 12:33:58,34.57,,
2055,07/14/2021 12:38:58,34.27,,
2056,07/14/2021 12:43:58,33.97,,
2057,07/14/2021 12:48:58,34.36,,
2058,07/14/2021 12:53:58,33.25,,
2059,07/14/2021 12:58:58,32.64,,
2060,07/14/2021 13:03:58,33.25,,
2061,07/14/2021 13:08:58,33.63,,
2062,07/14/2021 13:13:58,33.72,,
2063,07/14/2021 13:18:58,33.76,,
2064,07/14/2021 13:23:58,33.67,,
2065,07/14/2021 13:28:58,33.97,,
2066,07/14/2021 13:33:58,34.32,,
2067,07/14/2021 13:38:58,33.93,,
2068,07/14/2021 13:43:58,34.45,,
2069,07/14/2021 13:48:58,34.66,,
2070,07/14/2021 13:53:58,34.79,,
2071,07/14/2021 13:58:58,35.05,,
2072,07/14/2021 14:03:58,35.35,,
2073,07/14/2021 14:08:58,35.43,,
2074,07/14/2021 14:13:58,35.52,,
2075,07/14/2021 14:18:58,35.69,,
2076,07/14/2021 14:23:58,35.99,,
2077,07/14/2021 14:28:58,36.03,,
2078,07/14/2021 14:33:58,36.12,,
2079,07/14/2021 14:38:58,35.99,,
2080,07/14/2021 14:43:58,35.86,,
2081,07/14/2021 14:48:58,36.33,,
2082,07/14/2021 14:53:58,37.36,,
2083,07/14/2021 14:58:58,37.28,,
2084,07/14/2021 15:03:58,37.32,,
2085,07/14/2021 15:08:58,37.58,,
2086,07/14/2021 15:13:58,37.84,,
2087,07/14/2021 15:18:58,37.75,,
2088,07/14/2021 15:23:58,37.92,,
2089,07/14/2021 15:28:58,38.09,,
2090,07/14/2021 15:33:58,38.31,,
2091,07/14/2021 15:38:58,38.18,,
2092,07/14/2021 15:43:58,38.14,,
2093,07/14/2021 15:48:58,37.92,,
2094,07/14/2021 15:53:58,38.05,,
2095,07/14/2021 15:58:58,38.52,,
2096,07/14/2021 16:03:58,38.61,,
2097,07/14/2021 16:08:58,38.48,,
2098,07/14/2021 16:13:58,37.88,,
2099,07/14/2021 16:18:58,38.01,,
2100,07/14/2021 16:23:58,38.31,,
2101,07/14/2021 16:28:58,38.61,,
2102,07/14/2021 16:33:58,38.48,,
2103,07/14/2021 16:38:58,38.01,,
2104,07/14/2021 16:43:58,37.75,,
2105,07/14/2021 16:48:58,37.54,,
2106,07/14/2021 16:53:58,37.71,,
2107,07/14/2021 16:58:58,37.49,,
2108,07/14/2021 17:03:58,36.93,,
2109,07/14/2021 17:08:58,36.93,,
2110,07/14/2021 17:13:58,36.89,,
2111,07/14/2021 17:18:58,36.89,,
2112,07/14/2021 17:23:58,36.59,,
2113,07/14/2021 17:28:58,36.63,,
2114,07/14/2021 17:33:58,35.73,,
2115,07/14/2021 17:38:58,36.08,,
2116,07/14/2021 17:43:58,36.03,,
2117,07/14/2021 17:48:58,35.73,,
2118,07/14/2021 17:53:58,35.56,,
2119,07/14/2021 17:58:58,35.30,,
2120,07/14/2021 18:03:58,34.57,,
2121,07/14/2021 18:08:58,34.62,,
2122,07/14/2021 18:13:58,34.40,,
2123,07/14/2021 18:18:58,34.32,,
2124,07/14/2021 18:23:58,33.89,,
2125,07/14/2021 18:28:58,33.33,,
2126,07/14/2021 18:33:58,33.33,,
2127,07/14/2021 18:38:58,33.20,,
2128,07/14/2021 18:43:58,33.07,,
2129,07/14/2021 18:48:58,32.69,,
2130,07/14/2021 18:53:58,31.96,,
2131,07/14/2021 18:58:58,31.44,,
2132,07/14/2021 19:03:58,31.40,,
2133,07/14/2021 19:08:58,30.84,,
2134,07/14/2021 19:13:58,30.84,,
2135,07/14/2021 19:18:58,30.84,,
2136,07/14/2021 19:23:58,30.50,,
2137,07/14/2021 19:28:58,29.98,,
2138,07/14/2021 19:33:58,29.56,,
2139,07/14/2021 19:38:58,29.30,,
2140,07/14/2021 19:43:58,28.87,,
2141,07/14/2021 19:48:58,28.53,,
2142,07/14/2021 19:53:58,28.27,,
2143,07/14/2021 19:58:58,28.10,,
2144,07/14/2021 20:03:58,27.63,,
2145,07/14/2021 20:08:58,27.28,,
2146,07/14/2021 20:13:58,26.77,,
2147,07/14/2021 20:18:58,26.17,,
2148,07/14/2021 20:23:58,25.35,,
2149,07/14/2021 20:28:58,24.62,,
2150,07/14/2021 20:33:58,23.94,,
2151,07/14/2021 20:38:58,23.38,,
2152,07/14/2021 20:43:58,23.03,,
2153,07/14/2021 20:48:58,22.69,,
2154,07/14/2021 20:53:58,22.22,,
2155,07/14/2021 20:58:58,21.92,,
2156,07/14/2021 21:03:58,21.75,,
2157,07/14/2021 21:08:58,21.49,,
2158,07/14/2021 21:13:58,21.15,,
2159,07/14/2021 21:18:58,20.98,,
2160,07/14/2021 21:23:58,20.80,,
2161,07/14/2021 21:28:58,20.55,,
2162,07/14/2021 21:33:58,20.33,,
2163,07/14/2021 21:38:58,20.25,,
2164,07/14/2021 21:43:58,20.12,,
2165,07/14/2021 21:48:58,20.03,,
2166,07/14/2021 21:53:58,19.73,,
2167,07/14/2021 21:58:58,19.69,,
2168,07/14/2021 22:03:58,19.60,,
2169,07/14/2021 22:08:58,19.56,,
2170,07/14/2021 22:13:58,19.69,,
2171,07/14/2021 22:18:58,19.73,,
2172,07/14/2021 22:23:58,19.77,,
2173,07/14/2021 22:28:58,19.65,,
2174,07/14/2021 22:33:58,19.56,,
2175,07/14/2021 22:38:58,19.56,,
2176,07/14/2021 22:43:58,19.52,,
2177,07/14/2021 22:48:58,19.52,,
2178,07/14/2021 22:53:58,19.43,,
2179,07/14/2021 22:58:58,19.30,,
2180,07/14/2021 23:03:58,19.13,,
2181,07/14/2021 23:08:58,19.05,,
2182,07/14/2021 23:13:58,18.92,,
2183,07/14/2021 23:18:58,18.70,,
2184,07/14/2021 23:23:58,18.49,,
2185,07/14/2021 23:28:58,18.40,,
2186,07/14/2021 23:33:58,18.36,,
2187,07/14/2021 23:38:58,18.32,,
2188,07/14/2021 23:43:58,18.32,,
2189,07/14/2021 23:48:58,18.27,,
2190,07/14/2021 23:53:58,18.36,,
2191,07/14/2021 23:58:58,18.32,,
2192,07/15/2021 00:03:58,18.32,,
2193,07/15/2021 00:08:58,18.36,,
2194,07/15/2021 00:13:58,18.32,,
2195,07/15/2021 00:18:58,18.32,,
2196,07/15/2021 00:23:58,18.36,,
2197,07/15/2021 00:28:58,18.32,,
2198,07/15/2021 00:33:58,18.27,,
2199,07/15/2021 00:38:58,18.06,,
2200,07/15/2021 00:43:58,17.93,,
2201,07/15/2021 00:48:58,17.76,,
2202,07/15/2021 00:53:58,17.63,,
2203,07/15/2021 00:58:58,17.50,,
2204,07/15/2021 01:03:58,17.46,,
2205,07/15/2021 01:08:58,17.41,,
2206,07/15/2021 01:13:58,17.33,,
2207,07/15/2021 01:18:58,17.29,,
2208,07/15/2021 01:23:58,17.20,,
2209,07/15/2021 01:28:58,17.16,,
2210,07/15/2021 01:33:58,17.11,,
2211,07/15/2021 01:38:58,17.03,,
2212,07/15/2021 01:43:58,16.90,,
2213,07/15/2021 01:48:58,16.77,,
2214,07/15/2021 01:53:58,16.73,,
2215,07/15/2021 01:58:58,16.64,,
2216,07/15/2021 02:03:58,16.47,,
2217,07/15/2021 02:08:58,16.34,,
2218,07/15/2021 02:13:58,16.17,,
2219,07/15/2021 02:18:58,16.04,,
2220,07/15/2021 02:23:58,15.91,,
2221,07/15/2021 02:28:58,15.91,,
2222,07/15/2021 02:33:58,15.74,,
2223,07/15/2021 02:38:58,15.61,,
2224,07/15/2021 02:43:58,15.53,,
2225,07/15/2021 02:48:58,15.40,,
2226,07/15/2021 02:53:58,15.31,,
2227,07/15/2021 02:58:58,15.23,,
2228,07/15/2021 03:03:58,15.14,,
2229,07/15/2021 03:08:58,15.06,,
2230,07/15/2021 03:13:58,15.06,,
2231,07/15/2021 03:18:58,15.01,,
2232,07/15/2021 03:23:58,15.01,,
2233,07/15/2021 03:28:58,15.01,,
2234,07/15/2021 03:33:58,15.01,,
2235,07/15/2021 03:38:58,15.01,,
2236,07/15/2021 03:43:58,14.93,,
2237,07/15/2021 03:48:58,14.93,,
2238,07/15/2021 03:53:58,14.93,,
2239,07/15/2021 03:58:58,14.88,,
2240,07/15/2021 04:03:58,14.80,,
2241,07/15/2021 04:08:58,14.71,,
2242,07/15/2021 04:13:58,14.63,,
2243,07/15/2021 04:18:58,14.71,,
2244,07/15/2021 04:23:58,14.63,,
2245,07/15/2021 04:28:58,14.63,,
2246,07/15/2021 04:33:58,14.58,,
2247,07/15/2021 04:38:58,14.50,,
2248,07/15/2021 04:43:58,14.45,,
2249,07/15/2021 04:48:58,14.41,,
2250,07/15/2021 04:53:58,14.33,,
2251,07/15/2021 04:58:58,14.28,,
2252,07/15/2021 05:03:58,14.20,,
2253,07/15/2021 05:08:58,14.20,,
2254,07/15/2021 05:13:58,14.11,,
2255,07/15/2021 05:18:58,14.11,,
2256,07/15/2021 05:23:58,13.94,,
2257,07/15/2021 05:28:58,13.90,,
2258,07/15/2021 05:33:58,13.85,,
2259,07/15/2021 05:38:58,13.77,,
2260,07/15/2021 05:43:58,13.77,,
2261,07/15/2021 05:48:58,13.64,,
2262,07/15/2021 05:53:58,13.68,,
2263,07/15/2021 05:58:58,13.64,,
2264,07/15/2021 06:03:58,13.64,,
2265,07/15/2021 06:08:58,13.60,,
2266,07/15/2021 06:13:58,13.64,,
2267,07/15/2021 06:18:58,13.60,,
2268,07/15/2021 06:23:58,13.60,,
2269,07/15/2021 06:28:58,13.64,,
2270,07/15/2021 06:33:58,13.73,,
2271,07/15/2021 06:38:58,13.81,,
2272,07/15/2021 06:43:58,13.85,,
2273,07/15/2021 06:48:58,13.98,,
2274,07/15/2021 06:53:58,14.15,,
2275,07/15/2021 06:58:58,14.33,,
2276,07/15/2021 07:03:58,14.37,,
2277,07/15/2021 07:08:58,14.45,,
2278,07/15/2021 07:13:58,14.67,,
2279,07/15/2021 07:18:58,14.80,,
2280,07/15/2021 07:23:58,14.97,,
2281,07/15/2021 07:28:58,15.14,,
2282,07/15/2021 07:33:58,15.27,,
2283,07/15/2021 07:38:58,15.40,,
2284,07/15/2021 07:43:58,15.53,,
2285,07/15/2021 07:48:58,15.91,,
2286,07/15/2021 07:53:58,16.21,,
2287,07/15/2021 07:58:58,16.17,,
2288,07/15/2021 08:03:58,16.39,,
2289,07/15/2021 08:08:58,16.60,,
2290,07/15/2021 08:13:58,16.73,,
2291,07/15/2021 08:18:58,17.07,,
2292,07/15/2021 08:23:58,17.33,,
2293,07/15/2021 08:28:58,17.67,,
2294,07/15/2021 08:33:58,17.89,,
2295,07/15/2021 08:38:58,18.23,,
2296,07/15/2021 08:43:58,18.44,,
2297,07/15/2021 08:48:58,18.74,,
2298,07/15/2021 08:53:58,19.13,,
2299,07/15/2021 08:58:58,19.69,,
2300,07/15/2021 09:03:58,20.03,,
2301,07/15/2021 09:08:58,20.03,,
2302,07/15/2021 09:13:58,20.68,,
2303,07/15/2021 09:18:58,21.19,,
2304,07/15/2021 09:23:58,21.49,,
2305,07/15/2021 09:28:58,22.18,,
2306,07/15/2021 09:33:58,22.61,,
2307,07/15/2021 09:38:58,23.16,,
2308,07/15/2021 09:43:58,23.94,,
2309,07/15/2021 09:48:58,24.79,,
2310,07/15/2021 09:53:58,24.66,,
2311,07/15/2021 09:58:58,25.05,,
2312,07/15/2021 10:03:58,25.99,,
2313,07/15/2021 10:08:58,26.21,,
2314,07/15/2021 10:13:58,26.85,,
2315,07/15/2021 10:18:58,27.75,,
2316,07/15/2021 10:23:58,28.31,,
2317,07/15/2021 10:28:58,28.70,,
2318,07/15/2021 10:33:58,29.21,,
2319,07/15/2021 10:38:58,29.38,,
2320,07/15/2021 10:43:58,29.64,,
2321,07/15/2021 10:48:58,29.68,,
2322,07/15/2021 10:53:58,29.77,,
2323,07/15/2021 10:58:58,30.41,,
2324,07/15/2021 11:03:58,30.59,,
2325,07/15/2021 11:08:58,30.97,,
2326,07/15/2021 11:13:58,30.97,,
2327,07/15/2021 11:18:58,30.59,,
2328,07/15/2021 11:23:58,30.80,,
2329,07/15/2021 11:28:58,30.67,,
2330,07/15/2021 11:33:58,31.06,,
2331,07/15/2021 11:38:58,31.74,,
2332,07/15/2021 11:43:58,31.96,,
2333,07/15/2021 11:48:58,31.83,,
2334,07/15/2021 11:53:58,31.83,,
2335,07/15/2021 11:58:58,32.26,,
2336,07/15/2021 12:03:58,32.47,,
2337,07/15/2021 12:08:58,32.94,,
2338,07/15/2021 12:13:58,31.74,,
2339,07/15/2021 12:18:58,31.96,,
2340,07/15/2021 12:23:58,31.19,,
2341,07/15/2021 12:28:58,31.10,,
2342,07/15/2021 12:33:58,31.61,,
2343,07/15/2021 12:38:58,30.93,,
2344,07/15/2021 12:43:58,30.37,,
2345,07/15/2021 12:48:58,30.89,,
2346,07/15/2021 12:53:58,30.89,,
2347,07/15/2021 12:58:58,30.41,,
2348,07/15/2021 13:03:58,30.37,,
2349,07/15/2021 13:08:58,31.23,,
2350,07/15/2021 13:13:58,31.23,,
2351,07/15/2021 13:18:58,31.14,,
2352,07/15/2021 13:23:58,31.23,,
2353,07/15/2021 13:28:58,30.54,,
2354,07/15/2021 13:33:58,30.89,,
2355,07/15/2021 13:38:58,31.14,,
2356,07/15/2021 13:43:58,31.66,,
2357,07/15/2021 13:48:58,31.96,,
2358,07/15/2021 13:53:58,32.43,,
2359,07/15/2021 13:58:58,31.92,,
2360,07/15/2021 14:03:58,32.13,,
2361,07/15/2021 14:08:58,31.66,,
2362,07/15/2021 14:13:58,32.30,,
2363,07/15/2021 14:18:58,32.82,,
2364,07/15/2021 14:23:58,33.33,,
2365,07/15/2021 14:28:58,34.06,,
2366,07/15/2021 14:33:58,34.70,,
2367,07/15/2021 14:38:58,35.00,,
2368,07/15/2021 14:43:58,34.62,,
2369,07/15/2021 14:48:58,34.53,,
2370,07/15/2021 14:53:58,34.92,,
2371,07/15/2021 14:58:58,35.99,,
2372,07/15/2021 15:03:58,35.39,,
2373,07/15/2021 15:08:58,35.90,,
2374,07/15/2021 15:13:58,36.25,,
2375,07/15/2021 15:18:58,36.72,,
2376,07/15/2021 15:23:58,36.33,,
2377,07/15/2021 15:28:58,36.38,,
2378,07/15/2021 15:33:58,36.12,,
2379,07/15/2021 15:38:58,36.29,,
2380,07/15/2021 15:43:58,36.38,,
2381,07/15/2021 15:48:58,37.45,,
2382,07/15/2021 15:53:58,37.32,,
2383,07/15/2021 15:58:58,37.49,,
2384,07/15/2021 16:03:58,37.75,,
2385,07/15/2021 16:08:58,37.32,,
2386,07/15/2021 16:13:58,36.72,,
2387,07/15/2021 16:18:58,37.11,,
2388,07/15/2021 16:23:58,37.58,,
2389,07/15/2021 16:28:58,37.54,,
2390,07/15/2021 16:33:58,37.54,,
2391,07/15/2021 16:38:58,37.45,,
2392,07/15/2021 16:43:58,37.19,,
2393,07/15/2021 16:48:58,36.89,,
2394,07/15/2021 16:53:58,36.85,,
2395,07/15/2021 16:58:58,37.06,,
2396,07/15/2021 17:03:58,36.63,,
2397,07/15/2021 17:08:58,36.51,,
2398,07/15/2021 17:13:58,36.76,,
2399,07/15/2021 17:18:58,36.16,,
2400,07/15/2021 17:23:58,35.99,,
2401,07/15/2021 17:28:58,35.86,,
2402,07/15/2021 17:33:58,35.60,,
2403,07/15/2021 17:38:58,34.96,,
2404,07/15/2021 17:43:58,35.26,,
2405,07/15/2021 17:48:58,34.83,,
2406,07/15/2021 17:53:58,34.57,,
2407,07/15/2021 17:58:58,34.79,,
2408,07/15/2021 18:03:58,34.57,,
2409,07/15/2021 18:08:58,34.27,,
2410,07/15/2021 18:13:58,33.72,,
2411,07/15/2021 18:18:58,33.37,,
2412,07/15/2021 18:23:58,33.12,,
2413,07/15/2021 18:28:58,32.77,,
2414,07/15/2021 18:33:58,32.56,,
2415,07/15/2021 18:38:58,32.43,,
2416,07/15/2021 18:43:58,32.09,,
2417,07/15/2021 18:48:58,31.57,,
2418,07/15/2021 18:53:58,30.93,,
2419,07/15/2021 18:58:58,30.37,,
2420,07/15/2021 19:03:58,30.41,,
2421,07/15/2021 19:08:58,30.16,,
2422,07/15/2021 19:13:58,29.51,,
2423,07/15/2021 19:18:58,29.00,,
2424,07/15/2021 19:23:58,28.57,,
2425,07/15/2021 19:28:58,28.23,,
2426,07/15/2021 19:33:58,27.63,,
2427,07/15/2021 19:38:58,27.07,,
2428,07/15/2021 19:43:58,26.90,,
2429,07/15/2021 19:48:58,26.17,,
2430,07/15/2021 19:53:58,25.78,,
2431,07/15/2021 19:58:58,25.65,,
2432,07/15/2021 20:03:58,25.39,,
2433,07/15/2021 20:08:58,25.05,,
2434,07/15/2021 20:13:58,24.45,,
2435,07/15/2021 20:18:58,23.76,,
2436,07/15/2021 20:23:58,22.95,,
2437,07/15/2021 20:28:58,22.05,,
2438,07/15/2021 20:33:58,21.53,,
2439,07/15/2021 20:38:58,21.02,,
2440,07/15/2021 20:43:58,20.59,,
2441,07/15/2021 20:48:58,20.07,,
2442,07/15/2021 20:53:58,19.73,,
2443,07/15/2021 20:58:58,19.47,,
2444,07/15/2021 21:03:58,19.26,,
2445,07/15/2021 21:08:58,19.05,,
2446,07/15/2021 21:13:58,18.70,,
2447,07/15/2021 21:18:58,18.53,,
2448,07/15/2021 21:23:58,18.27,,
2449,07/15/2021 21:28:58,18.10,,
2450,07/15/2021 21:33:58,17.89,,
2451,07/15/2021 21:38:58,17.63,,
2452,07/15/2021 21:43:58,17.50,,
2453,07/15/2021 21:48:58,17.33,,
2454,07/15/2021 21:53:58,17.16,,
2455,07/15/2021 21:58:58,17.07,,
2456,07/15/2021 22:03:58,16.81,,
2457,07/15/2021 22:08:58,16.69,,
2458,07/15/2021 22:13:58,16.51,,
2459,07/15/2021 22:18:58,16.43,,
2460,07/15/2021 22:23:58,16.26,,
2461,07/15/2021 22:28:58,16.13,,
2462,07/15/2021 22:33:58,16.00,,
2463,07/15/2021 22:38:58,15.83,,
2464,07/15/2021 22:43:58,15.74,,
2465,07/15/2021 22:48:58,15.66,,
2466,07/15/2021 22:53:58,15.61,,
2467,07/15/2021 22:58:58,15.48,,
2468,07/15/2021 23:03:58,15.40,,
2469,07/15/2021 23:08:58,15.27,,
2470,07/15/2021 23:13:58,15.18,,
2471,07/15/2021 23:18:58,15.18,,
2472,07/15/2021 23:23:58,15.10,,
2473,07/15/2021 23:28:58,15.01,,
2474,07/15/2021 23:33:58,14.93,,
2475,07/15/2021 23:38:58,14.88,,
2476,07/15/2021 23:43:58,14.80,,
2477,07/15/2021 23:48:58,14.75,,
2478,07/15/2021 23:53:58,14.75,,
2479,07/15/2021 23:58:58,14.63,,
2480,07/16/2021 00:03:58,14.63,,
2481,07/16/2021 00:08:58,14.63,,
2482,07/16/2021 00:13:58,14.54,,
2483,07/16/2021 00:18:58,14.58,,
2484,07/16/2021 00:23:58,14.45,,
2485,07/16/2021 00:28:58,14.41,,
2486,07/16/2021 00:33:58,14.37,,
2487,07/16/2021 00:38:58,14.33,,
2488,07/16/2021 00:43:58,14.28,,
2489,07/16/2021 00:48:58,14.24,,
2490,07/16/2021 00:53:58,14.15,,
2491,07/16/2021 00:58:58,14.15,,
2492,07/16/2021 01:03:58,14.07,,
2493,07/16/2021 01:08:58,14.03,,
2494,07/16/2021 01:13:58,14.07,,
2495,07/16/2021 01:18:58,13.98,,
2496,07/16/2021 01:23:58,13.98,,
2497,07/16/2021 01:28:58,13.94,,
2498,07/16/2021 01:33:58,13.90,,
2499,07/16/2021 01:38:58,13.85,,
2500,07/16/2021 01:43:58,13.90,,
2501,07/16/2021 01:48:58,13.85,,
2502,07/16/2021 01:53:58,13.77,,
2503,07/16/2021 01:58:58,13.81,,
2504,07/16/2021 02:03:58,13.73,,
2505,07/16/2021 02:08:58,13.73,,
2506,07/16/2021 02:13:58,13.68,,
2507,07/16/2021 02:18:58,13.68,,
2508,07/16/2021 02:23:58,13.64,,
2509,07/16/2021 02:28:58,13.55,,
2510,07/16/2021 02:33:58,13.64,,
2511,07/16/2021 02:38:58,13.60,,
2512,07/16/2021 02:43:58,13.60,,
2513,07/16/2021 02:48:58,13.60,,
2514,07/16/2021 02:53:58,13.51,,
2515,07/16/2021 02:58:58,13.47,,
2516,07/16/2021 03:03:58,13.47,,
2517,07/16/2021 03:08:58,13.43,,
2518,07/16/2021 03:13:58,13.47,,
2519,07/16/2021 03:18:58,13.47,,
2520,07/16/2021 03:23:58,13.47,,
2521,07/16/2021 03:28:58,13.43,,
2522,07/16/2021 03:33:58,13.47,,
2523,07/16/2021 03:38:58,13.43,,
2524,07/16/2021 03:43:58,13.38,,
2525,07/16/2021 03:48:58,13.43,,
2526,07/16/2021 03:53:58,13.43,,
2527,07/16/2021 03:58:58,13.38,,
2528,07/16/2021 04:03:58,13.38,,
2529,07/16/2021 04:08:58,13.38,,
2530,07/16/2021 04:13:58,13.47,,
2531,07/16/2021 04:18:58,13.34,,
2532,07/16/2021 04:23:58,13.34,,
2533,07/16/2021 04:28:58,13.30,,
2534,07/16/2021 04:33:58,13.25,,
2535,07/16/2021 04:38:58,13.17,,
2536,07/16/2021 04:43:58,13.17,,
2537,07/16/2021 04:48:58,13.17,,
2538,07/16/2021 04:53:58,13.17,,
2539,07/16/2021 04:58:58,13.17,,
2540,07/16/2021 05:03:58,13.08,,
2541,07/16/2021 05:08:58,13.12,,
2542,07/16/2021 05:13:58,13.04,,
2543,07/16/2021 05:18:58,13.04,,
2544,07/16/2021 05:23:58,12.95,,
2545,07/16/2021 05:28:58,12.95,,
2546,07/16/2021 05:33:58,12.91,,
2547,07/16/2021 05:38:58,12.82,,
2548,07/16/2021 05:43:58,12.70,,
2549,07/16/2021 05:48:58,12.52,,
2550,07/16/2021 05:53:58,12.35,,
2551,07/16/2021 05:58:58,12.27,,
2552,07/16/2021 06:03:58,12.10,,
2553,07/16/2021 06:08:58,12.05,,
2554,07/16/2021 06:13:58,12.14,,
2555,07/16/2021 06:18:58,12.22,,
2556,07/16/2021 06:23:58,12.31,,
2557,07/16/2021 06:28:58,12.44,,
2558,07/16/2021 06:33:58,12.52,,
2559,07/16/2021 06:38:58,12.61,,
2560,07/16/2021 06:43:58,12.70,,
2561,07/16/2021 06:48:58,12.82,,
2562,07/16/2021 06:53:58,12.87,,
2563,07/16/2021 06:58:58,12.91,,
2564,07/16/2021 07:03:58,13.12,,
2565,07/16/2021 07:08:58,13.25,,
2566,07/16/2021 07:13:58,13.43,,
2567,07/16/2021 07:18:58,13.55,,
2568,07/16/2021 07:23:58,13.68,,
2569,07/16/2021 07:28:58,13.73,,
2570,07/16/2021 07:33:58,13.90,,
2571,07/16/2021 07:38:58,13.98,,
2572,07/16/2021 07:43:58,14.15,,
2573,07/16/2021 07:48:58,14.54,,
2574,07/16/2021 07:53:58,14.71,,
2575,07/16/2021 07:58:58,14.88,,
2576,07/16/2021 08:03:58,14.97,,
2577,07/16/2021 08:08:58,15.36,,
2578,07/16/2021 08:13:58,15.53,,
2579,07/16/2021 08:18:58,15.66,,
2580,07/16/2021 08:23:58,16.00,,
2581,07/16/2021 08:28:58,16.34,,
2582,07/16/2021 08:33:58,16.39,,
2583,07/16/2021 08:38:58,16.64,,
2584,07/16/2021 08:43:58,17.03,,
2585,07/16/2021 08:48:58,17.07,,
2586,07/16/2021 08:53:58,17.37,,
2587,07/16/2021 08:58:58,17.97,,
2588,07/16/2021 09:03:58,18.23,,
2589,07/16/2021 09:08:58,19.00,,
2590,07/16/2021 09:13:58,19.43,,
2591,07/16/2021 09:18:58,19.73,,
2592,07/16/2021 09:23:58,19.77,,
2593,07/16/2021 09:28:58,20.25,,
2594,07/16/2021 09:33:58,20.80,,
2595,07/16/2021 09:38:58,21.58,,
2596,07/16/2021 09:43:58,21.70,,
2597,07/16/2021 09:48:58,22.09,,
2598,07/16/2021 09:53:58,22.35,,
2599,07/16/2021 09:58:58,22.82,,
2600,07/16/2021 10:03:58,23.38,,
2601,07/16/2021 10:08:58,24.24,,
2602,07/16/2021 10:13:58,24.32,,
2603,07/16/2021 10:18:58,24.92,,
2604,07/16/2021 10:23:58,25.22,,
2605,07/16/2021 10:28:58,26.51,,
2606,07/16/2021 10:33:58,27.11,,
2607,07/16/2021 10:38:58,27.58,,
2608,07/16/2021 10:43:58,27.71,,
2609,07/16/2021 10:48:58,28.05,,
2610,07/16/2021 10:53:58,28.78,,
2611,07/16/2021 10:58:58,29.30,,
2612,07/16/2021 11:03:58,29.17,,
2613,07/16/2021 11:08:58,29.17,,
2614,07/16/2021 11:13:58,29.13,,
2615,07/16/2021 11:18:58,29.26,,
2616,07/16/2021 11:23:58,30.46,,
2617,07/16/2021 11:28:58,29.77,,
2618,07/16/2021 11:33:58,29.90,,
2619,07/16/2021 11:38:58,30.50,,
2620,07/16/2021 11:43:58,31.10,,
2621,07/16/2021 11:48:58,30.67,,
2622,07/16/2021 11:53:58,30.76,,
2623,07/16/2021 11:58:58,31.10,,
2624,07/16/2021 12:03:58,32.17,,
2625,07/16/2021 12:08:58,31.66,,
2626,07/16/2021 12:13:58,32.60,,
2627,07/16/2021 12:18:58,33.25,,
2628,07/16/2021 12:23:58,32.82,,
2629,07/16/2021 12:28:58,32.00,,
2630,07/16/2021 12:33:58,31.74,,
2631,07/16/2021 12:38:58,31.57,,
2632,07/16/2021 12:43:58,32.22,,
2633,07/16/2021 12:48:58,32.90,,
2634,07/16/2021 12:53:58,32.73,,
2635,07/16/2021 12:58:58,32.04,,
2636,07/16/2021 13:03:58,32.22,,
2637,07/16/2021 13:08:58,32.43,,
2638,07/16/2021 13:13:58,33.07,,
2639,07/16/2021 13:18:58,33.25,,
2640,07/16/2021 13:23:58,33.50,,
2641,07/16/2021 13:28:58,34.06,,
2642,07/16/2021 13:33:58,33.59,,
2643,07/16/2021 13:38:58,33.55,,
2644,07/16/2021 13:43:58,33.37,,
2645,07/16/2021 13:48:58,33.85,,
2646,07/16/2021 13:53:58,34.27,,
2647,07/16/2021 13:58:58,34.02,,
2648,07/16/2021 14:03:58,34.75,,
2649,07/16/2021 14:08:58,34.70,,
2650,07/16/2021 14:13:58,35.35,,
2651,07/16/2021 14:18:58,35.86,,
2652,07/16/2021 14:23:58,36.21,,
2653,07/16/2021 14:28:58,36.46,,
2654,07/16/2021 14:33:58,36.42,,
2655,07/16/2021 14:38:58,36.03,,
2656,07/16/2021 14:43:58,36.38,,
2657,07/16/2021 14:48:58,36.81,,
2658,07/16/2021 14:53:58,37.45,,
2659,07/16/2021 14:58:58,37.45,,
2660,07/16/2021 15:03:58,37.23,,
2661,07/16/2021 15:08:58,38.44,,
2662,07/16/2021 15:13:58,38.91,,
2663,07/16/2021 15:18:58,39.51,,
2664,07/16/2021 15:23:58,40.37,,
2665,07/16/2021 15:28:58,39.98,,
2666,07/16/2021 15:33:58,39.64,,
2667,07/16/2021 15:38:58,40.75,,
2668,07/16/2021 15:43:58,39.98,,
2669,07/16/2021 15:48:58,39.55,,
2670,07/16/2021 15:53:58,38.65,,
2671,07/16/2021 15:58:58,38.35,,
2672,07/16/2021 16:03:58,38.44,,
2673,07/16/2021 16:08:58,38.82,,
2674,07/16/2021 16:13:58,39.72,,
2675,07/16/2021 16:18:58,40.11,,
2676,07/16/2021 16:23:58,41.14,,
2677,07/16/2021 16:28:58,40.75,,
2678,07/16/2021 16:33:58,41.05,,
2679,07/16/2021 16:38:58,41.01,,
2680,07/16/2021 16:43:58,41.44,,
2681,07/16/2021 16:48:58,41.40,,
2682,07/16/2021 16:53:58,40.88,,
2683,07/16/2021 16:58:58,39.85,,
2684,07/16/2021 17:03:58,40.24,,
2685,07/16/2021 17:08:58,39.85,,
2686,07/16/2021 17:13:58,40.28,,
2687,07/16/2021 17:18:58,40.24,,
2688,07/16/2021 17:23:58,40.24,,
2689,07/16/2021 17:28:58,40.28,,
2690,07/16/2021 17:33:58,39.98,,
2691,07/16/2021 17:38:58,39.34,,
2692,07/16/2021 17:43:58,38.99,,
2693,07/16/2021 17:48:58,38.39,,
2694,07/16/2021 17:53:58,38.65,,
2695,07/16/2021 17:58:58,38.56,,
2696,07/16/2021 18:03:58,37.84,,
2697,07/16/2021 18:08:58,37.71,,
2698,07/16/2021 18:13:58,37.36,,
2699,07/16/2021 18:18:58,37.23,,
2700,07/16/2021 18:23:58,36.98,,
2701,07/16/2021 18:28:58,36.72,,
2702,07/16/2021 18:33:58,36.72,,
2703,07/16/2021 18:38:58,36.46,,
2704,07/16/2021 18:43:58,36.12,,
2705,07/16/2021 18:48:58,35.60,,
2706,07/16/2021 18:53:58,35.35,,
2707,07/16/2021 18:58:58,35.09,,
2708,07/16/2021 19:03:58,34.88,,
2709,07/16/2021 19:08:58,34.62,,
2710,07/16/2021 19:13:58,34.32,,
2711,07/16/2021 19:18:58,33.63,,
2712,07/16/2021 19:23:58,33.16,,
2713,07/16/2021 19:28:58,32.77,,
2714,07/16/2021 19:33:58,32.34,,
2715,07/16/2021 19:38:58,32.09,,
2716,07/16/2021 19:43:58,31.79,,
2717,07/16/2021 19:48:58,31.36,,
2718,07/16/2021 19:53:58,31.01,,
2719,07/16/2021 19:58:58,30.71,,
2720,07/16/2021 20:03:58,30.50,,
2721,07/16/2021 20:08:58,30.03,,
2722,07/16/2021 20:13:58,29.47,,
2723,07/16/2021 20:18:58,28.74,,
2724,07/16/2021 20:23:58,27.84,,
2725,07/16/2021 20:28:58,27.15,,
2726,07/16/2021 20:33:58,26.55,,
2727,07/16/2021 20:38:58,26.08,,
2728,07/16/2021 20:43:58,25.57,,
2729,07/16/2021 20:48:58,25.14,,
2730,07/16/2021 20:53:58,24.75,,
2731,07/16/2021 20:58:58,24.45,,
2732,07/16/2021 21:03:58,24.06,,
2733,07/16/2021 21:08:58,23.76,,
2734,07/16/2021 21:13:58,23.42,,
2735,07/16/2021 21:18:58,23.16,,
2736,07/16/2021 21:23:58,22.86,,
2737,07/16/2021 21:28:58,22.65,,
2738,07/16/2021 21:33:58,22.35,,
2739,07/16/2021 21:38:58,22.13,,
2740,07/16/2021 21:43:58,21.83,,
2741,07/16/2021 21:48:58,21.62,,
2742,07/16/2021 21:53:58,21.49,,
2743,07/16/2021 21:58:58,21.36,,
2744,07/16/2021 22:03:58,21.23,,
2745,07/16/2021 22:08:58,21.06,,
2746,07/16/2021 22:13:58,20.89,,
2747,07/16/2021 22:18:58,20.72,,
2748,07/16/2021 22:23:58,20.59,,
2749,07/16/2021 22:28:58,20.50,,
2750,07/16/2021 22:33:58,20.37,,
2751,07/16/2021 22:38:58,20.20,,
2752,07/16/2021 22:43:58,20.07,,
2753,07/16/2021 22:48:58,19.90,,
2754,07/16/2021 22:53:58,19.73,,
2755,07/16/2021 22:58:58,19.65,,
2756,07/16/2021 23:03:58,19.52,,
2757,07/16/2021 23:08:58,19.35,,
2758,07/16/2021 23:13:58,19.26,,
2759,07/16/2021 23:18:58,19.17,,
2760,07/16/2021 23:23:58,19.05,,
2761,07/16/2021 23:28:58,18.92,,
2762,07/16/2021 23:33:58,18.83,,
2763,07/16/2021 23:38:58,18.79,,
2764,07/16/2021 23:43:58,18.70,,
2765,07/16/2021 23:48:58,18.62,,
2766,07/16/2021 23:53:58,18.62,,
2767,07/16/2021 23:58:58,18.57,,
2768,07/17/2021 00:03:58,18.49,,
2769,07/17/2021 00:08:58,18.40,,
2770,07/17/2021 00:13:58,18.36,,
2771,07/17/2021 00:18:58,18.32,,
2772,07/17/2021 00:23:58,18.23,,
2773,07/17/2021 00:28:58,18.14,,
2774,07/17/2021 00:33:58,18.02,,
2775,07/17/2021 00:38:58,17.93,,
2776,07/17/2021 00:43:58,17.80,,
2777,07/17/2021 00:48:58,17.72,,
2778,07/17/2021 00:53:58,17.63,,
2779,07/17/2021 00:58:58,17.46,,
2780,07/17/2021 01:03:58,17.41,,
2781,07/17/2021 01:08:58,17.33,,
2782,07/17/2021 01:13:58,17.29,,
2783,07/17/2021 01:18:58,17.20,,
2784,07/17/2021 01:23:58,17.20,,
2785,07/17/2021 01:28:58,17.07,,
2786,07/17/2021 01:33:58,17.07,,
2787,07/17/2021 01:38:58,17.07,,
2788,07/17/2021 01:43:58,17.03,,
2789,07/17/2021 01:48:58,17.03,,
2790,07/17/2021 01:53:58,16.99,,
2791,07/17/2021 01:58:58,16.90,,
2792,07/17/2021 02:03:58,16.86,,
2793,07/17/2021 02:08:58,16.81,,
2794,07/17/2021 02:13:58,16.73,,
2795,07/17/2021 02:18:58,16.64,,
2796,07/17/2021 02:23:58,16.64,,
2797,07/17/2021 02:28:58,16.56,,
2798,07/17/2021 02:33:58,16.47,,
2799,07/17/2021 02:38:58,16.34,,
2800,07/17/2021 02:43:58,16.17,,
2801,07/17/2021 02:48:58,16.13,,
2802,07/17/2021 02:53:58,16.00,,
2803,07/17/2021 02:58:58,15.87,,
2804,07/17/2021 03:03:58,15.78,,
2805,07/17/2021 03:08:58,15.83,,
2806,07/17/2021 03:13:58,15.70,,
2807,07/17/2021 03:18:58,15.66,,
2808,07/17/2021 03:23:58,15.57,,
2809,07/17/2021 03:28:58,15.48,,
2810,07/17/2021 03:33:58,15.48,,
2811,07/17/2021 03:38:58,15.40,,
2812,07/17/2021 03:43:58,15.31,,
2813,07/17/2021 03:48:58,15.27,,
2814,07/17/2021 03:53:58,15.18,,
2815,07/17/2021 03:58:58,15.14,,
2816,07/17/2021 04:03:58,15.06,,
2817,07/17/2021 04:08:58,15.06,,
2818,07/17/2021 04:13:58,15.01,,
2819,07/17/2021 04:18:58,14.97,,
2820,07/17/2021 04:23:58,14.97,,
2821,07/17/2021 04:28:58,14.88,,
2822,07/17/2021 04:33:58,14.93,,
2823,07/17/2021 04:38:58,14.88,,
2824,07/17/2021 04:43:58,14.88,,
2825,07/17/2021 04:48:58,14.84,,
2826,07/17/2021 04:53:58,14.80,,
2827,07/17/2021 04:58:58,14.71,,
2828,07/17/2021 05:03:58,14.71,,
2829,07/17/2021 05:08:58,14.63,,
2830,07/17/2021 05:13:58,14.63,,
2831,07/17/2021 05:18:58,14.63,,
2832,07/17/2021 05:23:58,14.58,,
2833,07/17/2021 05:28:58,14.63,,
2834,07/17/2021 05:33:58,14.54,,
2835,07/17/2021 05:38:58,14.50,,
2836,07/17/2021 05:43:58,14.50,,
2837,07/17/2021 05:48:58,14.58,,
2838,07/17/2021 05:53:58,14.58,,
2839,07/17/2021 05:58:58,14.41,,
2840,07/17/2021 06:03:58,14.45,,
2841,07/17/2021 06:08:58,14.50,,
2842,07/17/2021 06:13:58,14.50,,
2843,07/17/2021 06:18:58,14.54,,
2844,07/17/2021 06:23:58,14.45,,
2845,07/17/2021 06:28:58,14.33,,
2846,07/17/2021 06:33:58,14.24,,
2847,07/17/2021 06:38:58,14.45,,
2848,07/17/2021 06:43:58,14.63,,
2849,07/17/2021 06:48:58,14.75,,
2850,07/17/2021 06:53:58,14.93,,
2851,07/17/2021 06:58:58,15.10,,
2852,07/17/2021 07:03:58,15.23,,
2853,07/17/2021 07:08:58,15.40,,
2854,07/17/2021 07:13:58,15.53,,
2855,07/17/2021 07:18:58,15.66,,
2856,07/17/2021 07:23:58,15.83,,
2857,07/17/2021 07:28:58,16.08,,
2858,07/17/2021 07:33:58,16.21,,
2859,07/17/2021 07:38:58,16.56,,
2860,07/17/2021 07:43:58,16.69,,
2861,07/17/2021 07:48:58,16.99,,
2862,07/17/2021 07:53:58,17.20,,
2863,07/17/2021 07:58:58,17.41,,
2864,07/17/2021 08:03:58,17.54,,
2865,07/17/2021 08:08:58,17.76,,
2866,07/17/2021 08:13:58,17.89,,
2867,07/17/2021 08:18:58,18.06,,
2868,07/17/2021 08:23:58,18.40,,
2869,07/17/2021 08:28:58,18.83,,
2870,07/17/2021 08:33:58,19.00,,
2871,07/17/2021 08:38:58,19.43,,
2872,07/17/2021 08:43:58,19.77,,
2873,07/17/2021 08:48:58,19.95,,
2874,07/17/2021 08:53:58,20.20,,
2875,07/17/2021 08:58:58,20.93,,
2876,07/17/2021 09:03:58,21.32,,
2877,07/17/2021 09:08:58,21.88,,
2878,07/17/2021 09:13:58,22.26,,
2879,07/17/2021 09:18:58,22.52,,
2880,07/17/2021 09:23:58,22.82,,
2881,07/17/2021 09:28:58,22.86,,
2882,07/17/2021 09:33:58,23.34,,
2883,07/17/2021 09:38:58,24.15,,
2884,07/17/2021 09:43:58,25.22,,
2885,07/17/2021 09:48:58,25.82,,
2886,07/17/2021 09:53:58,26.38,,
2887,07/17/2021 09:58:58,26.85,,
2888,07/17/2021 10:03:58,27.71,,
2889,07/17/2021 10:08:58,28.48,,
2890,07/17/2021 10:13:58,28.65,,
2891,07/17/2021 10:18:58,28.74,,
2892,07/17/2021 10:23:58,29.30,,
2893,07/17/2021 10:28:58,29.64,,
2894,07/17/2021 10:33:58,30.59,,
2895,07/17/2021 10:38:58,30.20,,
2896,07/17/2021 10:43:58,29.98,,
2897,07/17/2021 10:48:58,30.24,,
2898,07/17/2021 10:53:58,31.10,,
2899,07/17/2021 10:58:58,32.30,,
2900,07/17/2021 11:03:58,32.43,,
2901,07/17/2021 11:08:58,32.43,,
2902,07/17/2021 11:13:58,33.07,,
2903,07/17/2021 11:18:58,33.46,,
2904,07/17/2021 11:23:58,33.80,,
2905,07/17/2021 11:28:58,34.62,,
2906,07/17/2021 11:33:58,34.66,,
2907,07/17/2021 11:38:58,34.45,,
2908,07/17/2021 11:43:58,34.36,,
2909,07/17/2021 11:48:58,35.35,,
2910,07/17/2021 11:53:58,36.21,,
2911,07/17/2021 11:58:58,35.52,,
2912,07/17/2021 12:03:58,36.12,,
2913,07/17/2021 12:08:58,35.39,,
2914,07/17/2021 12:13:58,36.38,,
2915,07/17/2021 12:18:58,37.54,,
2916,07/17/2021 12:23:58,36.42,,
2917,07/17/2021 12:28:58,36.51,,
2918,07/17/2021 12:33:58,36.76,,
2919,07/17/2021 12:38:58,36.63,,
2920,07/17/2021 12:43:58,36.59,,
2921,07/17/2021 12:48:58,35.78,,
2922,07/17/2021 12:53:58,35.73,,
2923,07/17/2021 12:58:58,36.46,,
2924,07/17/2021 13:03:58,36.42,,
2925,07/17/2021 13:08:58,36.33,,
2926,07/17/2021 13:13:58,36.29,,
2927,07/17/2021 13:18:58,36.42,,
2928,07/17/2021 13:23:58,36.81,,
2929,07/17/2021 13:28:58,36.85,,
2930,07/17/2021 13:33:58,37.32,,
2931,07/17/2021 13:38:58,37.11,,
2932,07/17/2021 13:43:58,37.02,,
2933,07/17/2021 13:48:58,37.15,,
2934,07/17/2021 13:53:58,37.28,,
2935,07/17/2021 13:58:58,37.28,,
2936,07/17/2021 14:03:58,38.05,,
2937,07/17/2021 14:08:58,37.88,,
2938,07/17/2021 14:13:58,37.84,,
2939,07/17/2021 14:18:58,38.39,,
2940,07/17/2021 14:23:58,38.99,,
2941,07/17/2021 14:28:58,38.86,,
2942,07/17/2021 14:33:58,39.72,,
2943,07/17/2021 14:38:58,39.59,,
2944,07/17/2021 14:43:58,39.51,,
2945,07/17/2021 14:48:58,39.55,,
2946,07/17/2021 14:53:58,39.98,,
2947,07/17/2021 14:58:58,39.81,,
2948,07/17/2021 15:03:58,40.58,,
2949,07/17/2021 15:08:58,41.65,,
2950,07/17/2021 15:13:58,42.04,,
2951,07/17/2021 15:18:58,42.38,,
2952,07/17/2021 15:23:58,42.85,,
2953,07/17/2021 15:28:58,42.08,,
2954,07/17/2021 15:33:58,43.24,,
2955,07/17/2021 15:38:58,42.08,,
2956,07/17/2021 15:43:58,41.87,,
2957,07/17/2021 15:48:58,42.55,,
2958,07/17/2021 15:53:58,42.34,,
2959,07/17/2021 15:58:58,42.47,,
2960,07/17/2021 16:03:58,43.11,,
2961,07/17/2021 16:08:58,44.57,,
2962,07/17/2021 16:13:58,43.50,,
2963,07/17/2021 16:18:58,43.88,,
2964,07/17/2021 16:23:58,43.76,,
2965,07/17/2021 16:28:58,42.34,,
2966,07/17/2021 16:33:58,42.34,,
2967,07/17/2021 16:38:58,42.51,,
2968,07/17/2021 16:43:58,42.08,,
2969,07/17/2021 16:48:58,42.85,,
2970,07/17/2021 16:53:58,43.03,,
2971,07/17/2021 16:58:58,43.58,,
2972,07/17/2021 17:03:58,43.54,,
2973,07/17/2021 17:08:58,43.67,,
2974,07/17/2021 17:13:58,43.88,,
2975,07/17/2021 17:18:58,43.50,,
2976,07/17/2021 17:23:58,43.58,,
2977,07/17/2021 17:28:58,43.63,,
2978,07/17/2021 17:33:58,43.46,,
2979,07/17/2021 17:38:58,43.16,,
2980,07/17/2021 17:43:58,42.85,,
2981,07/17/2021 17:48:58,42.64,,
2982,07/17/2021 17:53:58,42.30,,
2983,07/17/2021 17:58:58,41.70,,
2984,07/17/2021 18:03:58,41.61,,
2985,07/17/2021 18:08:58,41.40,,
2986,07/17/2021 18:13:58,41.05,,
2987,07/17/2021 18:18:58,40.37,,
2988,07/17/2021 18:23:58,40.15,,
2989,07/17/2021 18:28:58,39.77,,
2990,07/17/2021 18:33:58,39.29,,
2991,07/17/2021 18:38:58,38.86,,
2992,07/17/2021 18:43:58,38.56,,
2993,07/17/2021 18:48:58,38.18,,
2994,07/17/2021 18:53:58,37.75,,
2995,07/17/2021 18:58:58,37.23,,
2996,07/17/2021 19:03:58,36.76,,
2997,07/17/2021 19:08:58,36.03,,
2998,07/17/2021 19:13:58,35.90,,
2999,07/17/2021 19:18:58,35.65,,
3000,07/17/2021 19:23:58,35.13,,
3001,07/17/2021 19:28:58,34.66,,
3002,07/17/2021 19:33:58,34.06,,
3003,07/17/2021 19:38:58,33.59,,
3004,07/17/2021 19:43:58,33.12,,
3005,07/17/2021 19:48:58,32.69,,
3006,07/17/2021 19:53:58,32.39,,
3007,07/17/2021 19:58:58,32.09,,
3008,07/17/2021 20:03:58,31.96,,
3009,07/17/2021 20:08:58,31.57,,
3010,07/17/2021 20:13:58,31.27,,
3011,07/17/2021 20:18:58,30.59,,
3012,07/17/2021 20:23:58,29.56,,
3013,07/17/2021 20:28:58,28.70,,
3014,07/17/2021 20:33:58,28.05,,
3015,07/17/2021 20:38:58,27.63,,
3016,07/17/2021 20:43:58,27.15,,
3017,07/17/2021 20:48:58,26.81,,
3018,07/17/2021 20:53:58,26.47,,
3019,07/17/2021 20:58:58,26.21,,
3020,07/17/2021 21:03:58,25.99,,
3021,07/17/2021 21:08:58,25.69,,
3022,07/17/2021 21:13:58,25.44,,
3023,07/17/2021 21:18:58,25.27,,
3024,07/17/2021 21:23:58,25.09,,
3025,07/17/2021 21:28:58,24.75,,
3026,07/17/2021 21:33:58,24.45,,
3027,07/17/2021 21:38:58,24.19,,
3028,07/17/2021 21:43:58,24.02,,
3029,07/17/2021 21:48:58,23.81,,
3030,07/17/2021 21:53:58,23.59,,
3031,07/17/2021 21:58:58,23.29,,
3032,07/17/2021 22:03:58,23.03,,
3033,07/17/2021 22:08:58,22.86,,
3034,07/17/2021 22:13:58,22.73,,
3035,07/17/2021 22:18:58,22.39,,
3036,07/17/2021 22:23:58,22.18,,
3037,07/17/2021 22:28:58,22.13,,
3038,07/17/2021 22:33:58,22.01,,
3039,07/17/2021 22:38:58,21.92,,
3040,07/17/2021 22:43:58,21.83,,
3041,07/17/2021 22:48:58,21.66,,
3042,07/17/2021 22:53:58,21.32,,
3043,07/17/2021 22:58:58,21.23,,
3044,07/17/2021 23:03:58,21.06,,
3045,07/17/2021 23:08:58,20.85,,
3046,07/17/2021 23:13:58,20.76,,
3047,07/17/2021 23:18:58,20.59,,
3048,07/17/2021 23:23:58,20.42,,
3049,07/17/2021 23:28:58,20.33,,
3050,07/17/2021 23:33:58,20.29,,
3051,07/17/2021 23:38:58,20.12,,
3052,07/17/2021 23:43:58,20.12,,
3053,07/17/2021 23:48:58,20.07,,
3054,07/17/2021 23:53:58,20.03,,
3055,07/17/2021 23:58:58,19.99,,
3056,07/18/2021 00:03:58,19.95,,
3057,07/18/2021 00:08:58,19.82,,
3058,07/18/2021 00:13:58,19.65,,
3059,07/18/2021 00:18:58,19.56,,
3060,07/18/2021 00:23:58,19.47,,
3061,07/18/2021 00:28:58,19.30,,
3062,07/18/2021 00:33:58,19.26,,
3063,07/18/2021 00:38:58,19.13,,
3064,07/18/2021 00:43:58,19.05,,
3065,07/18/2021 00:48:58,18.87,,
3066,07/18/2021 00:53:58,18.74,,
3067,07/18/2021 00:58:58,18.62,,
3068,07/18/2021 01:03:58,18.57,,
3069,07/18/2021 01:08:58,18.53,,
3070,07/18/2021 01:13:58,18.40,,
3071,07/18/2021 01:18:58,18.36,,
3072,07/18/2021 01:23:58,18.32,,
3073,07/18/2021 01:28:58,18.40,,
3074,07/18/2021 01:33:58,18.40,,
3075,07/18/2021 01:38:58,18.44,,
3076,07/18/2021 01:43:58,18.49,,
3077,07/18/2021 01:48:58,18.40,,
3078,07/18/2021 01:53:58,18.23,,
3079,07/18/2021 01:58:58,18.14,,
3080,07/18/2021 02:03:58,18.02,,
3081,07/18/2021 02:08:58,17.93,,
3082,07/18/2021 02:13:58,17.89,,
3083,07/18/2021 02:18:58,17.80,,
3084,07/18/2021 02:23:58,17.67,,
3085,07/18/2021 02:28:58,17.41,,
3086,07/18/2021 02:33:58,17.29,,
3087,07/18/2021 02:38:58,17.33,,
3088,07/18/2021 02:43:58,17.24,,
3089,07/18/2021 02:48:58,17.20,,
3090,07/18/2021 02:53:58,17.24,,
3091,07/18/2021 02:58:58,17.16,,
3092,07/18/2021 03:03:58,17.20,,
3093,07/18/2021 03:08:58,17.07,,
3094,07/18/2021 03:13:58,17.07,,
3095,07/18/2021 03:18:58,16.94,,
3096,07/18/2021 03:23:58,16.81,,
3097,07/18/2021 03:28:58,16.81,,
3098,07/18/2021 03:33:58,16.69,,
3099,07/18/2021 03:38:58,16.64,,
3100,07/18/2021 03:43:58,16.60,,
3101,07/18/2021 03:48:58,16.56,,
3102,07/18/2021 03:53:58,16.56,,
3103,07/18/2021 03:58:58,16.60,,
3104,07/18/2021 04:03:58,16.64,,
3105,07/18/2021 04:08:58,16.51,,
3106,07/18/2021 04:13:58,16.39,,
3107,07/18/2021 04:18:58,16.21,,
3108,07/18/2021 04:23:58,16.26,,
3109,07/18/2021 04:28:58,16.21,,
3110,07/18/2021 04:33:58,16.08,,
3111,07/18/2021 04:38:58,16.08,,
3112,07/18/2021 04:43:58,16.04,,
3113,07/18/2021 04:48:58,15.70,,
3114,07/18/2021 04:53:58,15.66,,
3115,07/18/2021 04:58:58,15.70,,
3116,07/18/2021 05:03:58,15.66,,
3117,07/18/2021 05:08:58,15.57,,
3118,07/18/2021 05:13:58,15.61,,
3119,07/18/2021 05:18:58,15.53,,
3120,07/18/2021 05:23:58,15.57,,
3121,07/18/2021 05:28:58,15.61,,
3122,07/18/2021 05:33:58,15.48,,
3123,07/18/2021 05:38:58,15.31,,
3124,07/18/2021 05:43:58,15.36,,
3125,07/18/2021 05:48:58,15.36,,
3126,07/18/2021 05:53:58,15.23,,
3127,07/18/2021 05:58:58,14.93,,
3128,07/18/2021 06:03:58,14.84,,
3129,07/18/2021 06:08:58,14.93,,
3130,07/18/2021 06:13:58,15.01,,
3131,07/18/2021 06:18:58,14.63,,
3132,07/18/2021 06:23:58,14.71,,
3133,07/18/2021 06:28:58,14.97,,
3134,07/18/2021 06:33:58,15.06,,
3135,07/18/2021 06:38:58,15.14,,
3136,07/18/2021 06:43:58,15.40,,
3137,07/18/2021 06:48:58,15.53,,
3138,07/18/2021 06:53:58,15.78,,
3139,07/18/2021 06:58:58,15.57,,
3140,07/18/2021 07:03:58,15.61,,
3141,07/18/2021 07:08:58,15.87,,
3142,07/18/2021 07:13:58,16.26,,
3143,07/18/2021 07:18:58,16.47,,
3144,07/18/2021 07:23:58,16.69,,
3145,07/18/2021 07:28:58,16.90,,
3146,07/18/2021 07:33:58,17.16,,
3147,07/18/2021 07:38:58,17.46,,
3148,07/18/2021 07:43:58,17.76,,
3149,07/18/2021 07:48:58,18.10,,
3150,07/18/2021 07:53:58,18.40,,
3151,07/18/2021 07:58:58,18.70,,
3152,07/18/2021 08:03:58,18.87,,
3153,07/18/2021 08:08:58,19.17,,
3154,07/18/2021 08:13:58,19.47,,
3155,07/18/2021 08:18:58,19.86,,
3156,07/18/2021 08:23:58,20.20,,
3157,07/18/2021 08:28:58,20.46,,
3158,07/18/2021 08:33:58,20.72,,
3159,07/18/2021 08:38:58,21.06,,
3160,07/18/2021 08:43:58,21.28,,
3161,07/18/2021 08:48:58,21.62,,
3162,07/18/2021 08:53:58,21.83,,
3163,07/18/2021 08:58:58,22.39,,
3164,07/18/2021 09:03:58,22.69,,
3165,07/18/2021 09:08:58,23.34,,
3166,07/18/2021 09:13:58,23.72,,
3167,07/18/2021 09:18:58,24.06,,
3168,07/18/2021 09:23:58,24.62,,
3169,07/18/2021 09:28:58,25.01,,
3170,07/18/2021 09:33:58,25.61,,
3171,07/18/2021 09:38:58,26.08,,
3172,07/18/2021 09:43:58,26.42,,
3173,07/18/2021 09:48:58,26.94,,
3174,07/18/2021 09:53:58,27.75,,
3175,07/18/2021 09:58:58,28.53,,
3176,07/18/2021 10:03:58,29.08,,
3177,07/18/2021 10:08:58,29.13,,
3178,07/18/2021 10:13:58,29.56,,
3179,07/18/2021 10:18:58,30.03,,
3180,07/18/2021 10:23:58,30.16,,
3181,07/18/2021 10:28:58,30.71,,
3182,07/18/2021 10:33:58,30.80,,
3183,07/18/2021 10:38:58,31.14,,
3184,07/18/2021 10:43:58,31.79,,
3185,07/18/2021 10:48:58,31.61,,
3186,07/18/2021 10:53:58,32.17,,
3187,07/18/2021 10:58:58,32.64,,
3188,07/18/2021 11:03:58,33.55,,
3189,07/18/2021 11:08:58,33.97,,
3190,07/18/2021 11:13:58,34.10,,
3191,07/18/2021 11:18:58,34.75,,
3192,07/18/2021 11:23:58,34.36,,
3193,07/18/2021 11:28:58,34.53,,
3194,07/18/2021 11:33:58,35.13,,
3195,07/18/2021 11:38:58,35.43,,
3196,07/18/2021 11:43:58,36.29,,
3197,07/18/2021 11:48:58,36.16,,
3198,07/18/2021 11:53:58,36.72,,
3199,07/18/2021 11:58:58,36.76,,
3200,07/18/2021 12:03:58,37.19,,
3201,07/18/2021 12:08:58,36.59,,
3202,07/18/2021 12:13:58,36.59,,
3203,07/18/2021 12:18:58,36.68,,
3204,07/18/2021 12:23:58,38.05,,
3205,07/18/2021 12:28:58,37.84,,
3206,07/18/2021 12:33:58,38.09,,
3207,07/18/2021 12:38:58,38.69,,
3208,07/18/2021 12:43:58,38.69,,
3209,07/18/2021 12:48:58,37.75,,
3210,07/18/2021 12:53:58,37.41,,
3211,07/18/2021 12:58:58,37.28,,
3212,07/18/2021 13:03:58,37.36,,
3213,07/18/2021 13:08:58,38.01,,
3214,07/18/2021 13:13:58,37.23,,
3215,07/18/2021 13:18:58,37.11,,
3216,07/18/2021 13:23:58,37.49,,
3217,07/18/2021 13:28:58,38.44,,
3218,07/18/2021 13:33:58,38.78,,
3219,07/18/2021 13:38:58,39.17,,
3220,07/18/2021 13:43:58,39.08,,
3221,07/18/2021 13:48:58,39.77,,
3222,07/18/2021 13:53:58,39.12,,
3223,07/18/2021 13:58:58,39.72,,
3224,07/18/2021 14:03:58,39.34,,
3225,07/18/2021 14:08:58,39.21,,
3226,07/18/2021 14:13:58,40.15,,
3227,07/18/2021 14:18:58,40.84,,
3228,07/18/2021 14:23:58,40.80,,
3229,07/18/2021 14:28:58,42.08,,
3230,07/18/2021 14:33:58,42.60,,
3231,07/18/2021 14:38:58,41.78,,
3232,07/18/2021 14:43:58,42.68,,
3233,07/18/2021 14:48:58,43.84,,
3234,07/18/2021 14:53:58,42.85,,
3235,07/18/2021 14:58:58,42.73,,
3236,07/18/2021 15:03:58,41.52,,
3237,07/18/2021 15:08:58,40.92,,
3238,07/18/2021 15:13:58,41.83,,
3239,07/18/2021 15:18:58,42.60,,
3240,07/18/2021 15:23:58,42.94,,
3241,07/18/2021 15:28:58,41.52,,
3242,07/18/2021 15:33:58,40.84,,
3243,07/18/2021 15:38:58,41.57,,
3244,07/18/2021 15:43:58,41.83,,
3245,07/18/2021 15:48:58,41.31,,
3246,07/18/2021 15:53:58,41.10,,
3247,07/18/2021 15:58:58,40.80,,
3248,07/18/2021 16:03:58,40.24,,
3249,07/18/2021 16:08:58,40.67,,
3250,07/18/2021 16:13:58,42.64,,
3251,07/18/2021 16:18:58,42.38,,
3252,07/18/2021 16:23:58,42.47,,
3253,07/18/2021 16:28:58,42.34,,
3254,07/18/2021 16:33:58,42.38,,
3255,07/18/2021 16:38:58,42.38,,
3256,07/18/2021 16:43:58,41.61,,
3257,07/18/2021 16:48:58,40.45,,
3258,07/18/2021 16:53:58,39.85,,
3259,07/18/2021 16:58:58,40.84,,
3260,07/18/2021 17:03:58,42.21,,
3261,07/18/2021 17:08:58,42.90,,
3262,07/18/2021 17:13:58,43.24,,
3263,07/18/2021 17:18:58,43.11,,
3264,07/18/2021 17:23:58,43.07,,
3265,07/18/2021 17:28:58,42.51,,
3266,07/18/2021 17:33:58,42.00,,
3267,07/18/2021 17:38:58,41.95,,
3268,07/18/2021 17:43:58,41.78,,
3269,07/18/2021 17:48:58,41.70,,
3270,07/18/2021 17:53:58,42.17,,
3271,07/18/2021 17:58:58,41.61,,
3272,07/18/2021 18:03:58,41.10,,
3273,07/18/2021 18:08:58,40.97,,
3274,07/18/2021 18:13:58,40.88,,
3275,07/18/2021 18:18:58,40.71,,
3276,07/18/2021 18:23:58,40.19,,
3277,07/18/2021 18:28:58,39.51,,
3278,07/18/2021 18:33:58,39.04,,
3279,07/18/2021 18:38:58,38.01,,
3280,07/18/2021 18:43:58,36.98,,
3281,07/18/2021 18:48:58,36.72,,
3282,07/18/2021 18:53:58,36.81,,
3283,07/18/2021 18:58:58,36.76,,
3284,07/18/2021 19:03:58,36.55,,
3285,07/18/2021 19:08:58,35.99,,
3286,07/18/2021 19:13:58,35.00,,
3287,07/18/2021 19:18:58,34.57,,
3288,07/18/2021 19:23:58,34.32,,
3289,07/18/2021 19:28:58,33.97,,
3290,07/18/2021 19:33:58,33.63,,
3291,07/18/2021 19:38:58,33.16,,
3292,07/18/2021 19:43:58,32.86,,
3293,07/18/2021 19:48:58,32.64,,
3294,07/18/2021 19:53:58,32.22,,
3295,07/18/2021 19:58:58,31.87,,
3296,07/18/2021 20:03:58,31.57,,
3297,07/18/2021 20:08:58,31.14,,
3298,07/18/2021 20:13:58,30.97,,
3299,07/18/2021 20:18:58,30.59,,
3300,07/18/2021 20:23:58,29.98,,
3301,07/18/2021 20:28:58,29.21,,
3302,07/18/2021 20:33:58,28.74,,
3303,07/18/2021 20:38:58,28.31,,
3304,07/18/2021 20:43:58,27.93,,
3305,07/18/2021 20:48:58,27.58,,
3306,07/18/2021 20:53:58,27.37,,
3307,07/18/2021 20:58:58,27.07,,
3308,07/18/2021 21:03:58,26.81,,
3309,07/18/2021 21:08:58,26.68,,
3310,07/18/2021 21:13:58,26.42,,
3311,07/18/2021 21:18:58,26.08,,
3312,07/18/2021 21:23:58,25.82,,
3313,07/18/2021 21:28:58,25.57,,
3314,07/18/2021 21:33:58,25.44,,
3315,07/18/2021 21:38:58,25.31,,
3316,07/18/2021 21:43:58,25.14,,
3317,07/18/2021 21:48:58,25.01,,
3318,07/18/2021 21:53:58,24.71,,
3319,07/18/2021 21:58:58,24.54,,
3320,07/18/2021 22:03:58,24.36,,
3321,07/18/2021 22:08:58,24.28,,
3322,07/18/2021 22:13:58,24.15,,
3323,07/18/2021 22:18:58,24.06,,
3324,07/18/2021 22:23:58,24.06,,
3325,07/18/2021 22:28:58,24.02,,
3326,07/18/2021 22:33:58,23.89,,
3327,07/18/2021 22:38:58,23.76,,
3328,07/18/2021 22:43:58,23.68,,
3329,07/18/2021 22:48:58,23.55,,
3330,07/18/2021 22:53:58,23.42,,
3331,07/18/2021 22:58:58,23.29,,
3332,07/18/2021 23:03:58,23.16,,
3333,07/18/2021 23:08:58,23.08,,
3334,07/18/2021 23:13:58,22.95,,
3335,07/18/2021 23:18:58,22.86,,
3336,07/18/2021 23:23:58,22.82,,
3337,07/18/2021 23:28:58,22.82,,
3338,07/18/2021 23:33:58,22.78,,
3339,07/18/2021 23:38:58,22.61,,
3340,07/18/2021 23:43:58,22.48,,
3341,07/18/2021 23:48:58,22.35,,
3342,07/18/2021 23:53:58,22.22,,
3343,07/18/2021 23:58:58,22.18,,
3344,07/19/2021 00:03:58,22.13,,
3345,07/19/2021 00:08:58,22.09,,
3346,07/19/2021 00:13:58,22.05,,
3347,07/19/2021 00:18:58,21.96,,
3348,07/19/2021 00:23:58,22.01,,
3349,07/19/2021 00:28:58,21.92,,
3350,07/19/2021 00:33:58,21.75,,
3351,07/19/2021 00:38:58,21.75,,
3352,07/19/2021 00:43:58,21.62,,
3353,07/19/2021 00:48:58,21.49,,
3354,07/19/2021 00:53:58,21.49,,
3355,07/19/2021 00:58:58,21.36,,
3356,07/19/2021 01:03:58,21.32,,
3357,07/19/2021 01:08:58,21.19,,
3358,07/19/2021 01:13:58,21.06,,
3359,07/19/2021 01:18:58,20.93,,
3360,07/19/2021 01:23:58,20.93,,
3361,07/19/2021 01:28:58,20.89,,
3362,07/19/2021 01:33:58,20.89,,
3363,07/19/2021 01:38:58,20.89,,
3364,07/19/2021 01:43:58,20.89,,
3365,07/19/2021 01:48:58,20.93,,
3366,07/19/2021 01:53:58,20.98,,
3367,07/19/2021 01:58:58,21.06,,
3368,07/19/2021 02:03:58,21.19,,
3369,07/19/2021 02:08:58,21.19,,
3370,07/19/2021 02:13:58,21.19,,
3371,07/19/2021 02:18:58,21.15,,
3372,07/19/2021 02:23:58,21.15,,
3373,07/19/2021 02:28:58,21.06,,
3374,07/19/2021 02:33:58,21.02,,
3375,07/19/2021 02:38:58,20.98,,
3376,07/19/2021 02:43:58,20.93,,
3377,07/19/2021 02:48:58,20.85,,
3378,07/19/2021 02:53:58,20.76,,
3379,07/19/2021 02:58:58,20.72,,
3380,07/19/2021 03:03:58,20.68,,
3381,07/19/2021 03:08:58,20.68,,
3382,07/19/2021 03:13:58,20.59,,
3383,07/19/2021 03:18:58,20.59,,
3384,07/19/2021 03:23:58,20.46,,
3385,07/19/2021 03:28:58,20.42,,
3386,07/19/2021 03:33:58,20.37,,
3387,07/19/2021 03:38:58,20.29,,
3388,07/19/2021 03:43:58,20.12,,
3389,07/19/2021 03:48:58,20.07,,
3390,07/19/2021 03:53:58,20.16,,
3391,07/19/2021 03:58:58,20.20,,
3392,07/19/2021 04:03:58,20.25,,
3393,07/19/2021 04:08:58,20.20,,
3394,07/19/2021 04:13:58,20.16,,
3395,07/19/2021 04:18:58,20.07,,
3396,07/19/2021 04:23:58,19.82,,
3397,07/19/2021 04:28:58,19.73,,
3398,07/19/2021 04:33:58,19.90,,
3399,07/19/2021 04:38:58,19.99,,
3400,07/19/2021 04:43:58,20.12,,
3401,07/19/2021 04:48:58,20.20,,
3402,07/19/2021 04:53:58,20.25,,
3403,07/19/2021 04:58:58,20.16,,
3404,07/19/2021 05:03:58,20.07,,
3405,07/19/2021 05:08:58,19.95,,
3406,07/19/2021 05:13:58,19.86,,
3407,07/19/2021 05:18:58,19.73,,
3408,07/19/2021 05:23:58,19.73,,
3409,07/19/2021 05:28:58,19.69,,
3410,07/19/2021 05:33:58,19.65,,
3411,07/19/2021 05:38:58,19.69,,
3412,07/19/2021 05:43:58,19.65,,
3413,07/19/2021 05:48:58,19.56,,
3414,07/19/2021 05:53:58,19.47,,
3415,07/19/2021 05:58:58,19.43,,
3416,07/19/2021 06:03:58,19.43,,
3417,07/19/2021 06:08:58,19.47,,
3418,07/19/2021 06:13:58,19.39,,
3419,07/19/2021 06:18:58,19.43,,
3420,07/19/2021 06:23:58,19.47,,
3421,07/19/2021 06:28:58,19.52,,
3422,07/19/2021 06:33:58,19.60,,
3423,07/19/2021 06:38:58,19.69,,
3424,07/19/2021 06:43:58,19.90,,
3425,07/19/2021 06:48:58,20.16,,
3426,07/19/2021 06:53:58,20.50,,
3427,07/19/2021 06:58:58,20.80,,
3428,07/19/2021 07:03:58,21.10,,
3429,07/19/2021 07:08:58,21.32,,
3430,07/19/2021 07:13:58,21.62,,
3431,07/19/2021 07:18:58,21.88,,
3432,07/19/2021 07:23:58,22.13,,
3433,07/19/2021 07:28:58,22.35,,
3434,07/19/2021 07:33:58,22.56,,
3435,07/19/2021 07:38:58,22.95,,
3436,07/19/2021 07:43:58,23.46,,
3437,07/19/2021 07:48:58,23.94,,
3438,07/19/2021 07:53:58,24.45,,
3439,07/19/2021 07:58:58,24.97,,
3440,07/19/2021 08:03:58,25.31,,
3441,07/19/2021 08:08:58,25.31,,
3442,07/19/2021 08:13:58,25.35,,
3443,07/19/2021 08:18:58,25.35,,
3444,07/19/2021 08:23:58,25.48,,
3445,07/19/2021 08:28:58,25.61,,
3446,07/19/2021 08:33:58,25.87,,
3447,07/19/2021 08:38:58,26.34,,
3448,07/19/2021 08:43:58,26.55,,
3449,07/19/2021 08:48:58,26.64,,
3450,07/19/2021 08:53:58,26.90,,
3451,07/19/2021 08:58:58,27.32,,
3452,07/19/2021 09:03:58,27.54,,
3453,07/19/2021 09:08:58,28.23,,
3454,07/19/2021 09:13:58,28.83,,
3455,07/19/2021 09:18:58,29.17,,
3456,07/19/2021 09:23:58,29.60,,
3457,07/19/2021 09:28:58,29.68,,
3458,07/19/2021 09:33:58,30.16,,
3459,07/19/2021 09:38:58,30.24,,
3460,07/19/2021 09:43:58,30.89,,
3461,07/19/2021 09:48:58,31.31,,
3462,07/19/2021 09:53:58,31.66,,
3463,07/19/2021 09:58:58,32.30,,
3464,07/19/2021 10:03:58,32.69,,
3465,07/19/2021 10:08:58,33.37,,
3466,07/19/2021 10:13:58,32.56,,
3467,07/19/2021 10:18:58,33.37,,
3468,07/19/2021 10:23:58,34.19,,
3469,07/19/2021 10:28:58,34.57,,
3470,07/19/2021 10:33:58,35.05,,
3471,07/19/2021 10:38:58,34.83,,
3472,07/19/2021 10:43:58,35.52,,
3473,07/19/2021 10:48:58,35.35,,
3474,07/19/2021 10:53:58,34.57,,
3475,07/19/2021 10:58:58,33.97,,
3476,07/19/2021 11:03:58,34.62,,
3477,07/19/2021 11:08:58,35.99,,
3478,07/19/2021 11:13:58,34.32,,
3479,07/19/2021 11:18:58,35.26,,
3480,07/19/2021 11:23:58,34.92,,
3481,07/19/2021 11:28:58,34.75,,
3482,07/19/2021 11:33:58,35.95,,
3483,07/19/2021 11:38:58,37.23,,
3484,07/19/2021 11:43:58,36.89,,
3485,07/19/2021 11:48:58,37.54,,
3486,07/19/2021 11:53:58,37.11,,
3487,07/19/2021 11:58:58,37.71,,
3488,07/19/2021 12:03:58,37.49,,
3489,07/19/2021 12:08:58,38.39,,
3490,07/19/2021 12:13:58,37.15,,
3491,07/19/2021 12:18:58,37.11,,
3492,07/19/2021 12:23:58,36.93,,
3493,07/19/2021 12:28:58,38.05,,
3494,07/19/2021 12:33:58,38.82,,
3495,07/19/2021 12:38:58,38.56,,
3496,07/19/2021 12:43:58,38.48,,
3497,07/19/2021 12:48:58,39.81,,
3498,07/19/2021 12:53:58,39.64,,
3499,07/19/2021 12:58:58,38.61,,
3500,07/19/2021 13:03:58,38.65,,
3501,07/19/2021 13:08:58,39.34,,
3502,07/19/2021 13:13:58,40.32,,
3503,07/19/2021 13:18:58,39.94,,
3504,07/19/2021 13:23:58,39.42,,
3505,07/19/2021 13:28:58,39.59,,
3506,07/19/2021 13:33:58,39.38,,
3507,07/19/2021 13:38:58,39.94,,
3508,07/19/2021 13:43:58,39.68,,
3509,07/19/2021 13:48:58,39.98,,
3510,07/19/2021 13:53:58,40.54,,
3511,07/19/2021 13:58:58,40.45,,
3512,07/19/2021 14:03:58,40.19,,
3513,07/19/2021 14:08:58,40.19,,
3514,07/19/2021 14:13:58,40.71,,
3515,07/19/2021 14:18:58,41.18,,
3516,07/19/2021 14:23:58,41.35,,
3517,07/19/2021 14:28:58,41.78,,
3518,07/19/2021 14:33:58,42.21,,
3519,07/19/2021 14:38:58,42.21,,
3520,07/19/2021 14:43:58,42.25,,
3521,07/19/2021 14:48:58,42.68,,
3522,07/19/2021 14:53:58,43.11,,
3523,07/19/2021 14:58:58,43.50,,
3524,07/19/2021 15:03:58,44.14,,
3525,07/19/2021 15:08:58,44.79,,
3526,07/19/2021 15:13:58,44.57,,
3527,07/19/2021 15:18:58,44.87,,
3528,07/19/2021 15:23:58,44.70,,
3529,07/19/2021 15:28:58,44.23,,
3530,07/19/2021 15:33:58,44.40,,
3531,07/19/2021 15:38:58,44.96,,
3532,07/19/2021 15:43:58,45.09,,
3533,07/19/2021 15:48:58,44.70,,
3534,07/19/2021 15:53:58,44.61,,
3535,07/19/2021 15:58:58,44.57,,
3536,07/19/2021 16:03:58,44.61,,
3537,07/19/2021 16:08:58,44.61,,
3538,07/19/2021 16:13:58,44.14,,
3539,07/19/2021 16:18:58,44.53,,
3540,07/19/2021 16:23:58,44.83,,
3541,07/19/2021 16:28:58,44.57,,
3542,07/19/2021 16:33:58,44.53,,
3543,07/19/2021 16:38:58,44.01,,
3544,07/19/2021 16:43:58,42.21,,
3545,07/19/2021 16:48:58,42.38,,
3546,07/19/2021 16:53:58,42.77,,
3547,07/19/2021 16:58:58,42.85,,
3548,07/19/2021 17:03:58,42.68,,
3549,07/19/2021 17:08:58,42.47,,
3550,07/19/2021 17:13:58,42.51,,
3551,07/19/2021 17:18:58,42.30,,
3552,07/19/2021 17:23:58,42.13,,
3553,07/19/2021 17:28:58,41.83,,
3554,07/19/2021 17:33:58,41.83,,
3555,07/19/2021 17:38:58,41.44,,
3556,07/19/2021 17:43:58,41.40,,
3557,07/19/2021 17:48:58,41.05,,
3558,07/19/2021 17:53:58,40.92,,
3559,07/19/2021 17:58:58,40.58,,
3560,07/19/2021 18:03:58,40.28,,
3561,07/19/2021 18:08:58,39.64,,
3562,07/19/2021 18:13:58,39.25,,
3563,07/19/2021 18:18:58,38.99,,
3564,07/19/2021 18:23:58,38.86,,
3565,07/19/2021 18:28:58,38.52,,
3566,07/19/2021 18:33:58,38.18,,
3567,07/19/2021 18:38:58,37.88,,
3568,07/19/2021 18:43:58,37.32,,
3569,07/19/2021 18:48:58,36.98,,
3570,07/19/2021 18:53:58,36.42,,
3571,07/19/2021 18:58:58,36.16,,
3572,07/19/2021 19:03:58,35.69,,
3573,07/19/2021 19:08:58,35.09,,
3574,07/19/2021 19:13:58,34.66,,
3575,07/19/2021 19:18:58,34.19,,
3576,07/19/2021 19:23:58,33.76,,
3577,07/19/2021 19:28:58,33.37,,
3578,07/19/2021 19:33:58,33.16,,
3579,07/19/2021 19:38:58,32.77,,
3580,07/19/2021 19:43:58,32.43,,
3581,07/19/2021 19:48:58,32.39,,
3582,07/19/2021 19:53:58,31.74,,
3583,07/19/2021 19:58:58,31.40,,
3584,07/19/2021 20:03:58,30.33,,
3585,07/19/2021 20:08:58,30.11,,
3586,07/19/2021 20:13:58,29.81,,
3587,07/19/2021 20:18:58,29.21,,
3588,07/19/2021 20:23:58,28.40,,
3589,07/19/2021 20:28:58,27.63,,
3590,07/19/2021 20:33:58,27.24,,
3591,07/19/2021 20:38:58,26.68,,
3592,07/19/2021 20:43:58,26.34,,
3593,07/19/2021 20:48:58,25.99,,
3594,07/19/2021 20:53:58,25.52,,
3595,07/19/2021 20:58:58,25.27,,
3596,07/19/2021 21:03:58,25.01,,
3597,07/19/2021 21:08:58,24.41,,
3598,07/19/2021 21:13:58,24.19,,
3599,07/19/2021 21:18:58,24.02,,
3600,07/19/2021 21:23:58,23.89,,
3601,07/19/2021 21:28:58,23.68,,
3602,07/19/2021 21:33:58,23.51,,
3603,07/19/2021 21:38:58,23.29,,
3604,07/19/2021 21:43:58,23.08,,
3605,07/19/2021 21:48:58,22.86,,
3606,07/19/2021 21:53:58,22.69,,
3607,07/19/2021 21:58:58,22.61,,
3608,07/19/2021 22:03:58,22.39,,
3609,07/19/2021 22:08:58,22.18,,
3610,07/19/2021 22:13:58,21.92,,
3611,07/19/2021 22:18:58,21.83,,
3612,07/19/2021 22:23:58,21.79,,
3613,07/19/2021 22:28:58,21.70,,
3614,07/19/2021 22:33:58,21.36,,
3615,07/19/2021 22:38:58,21.28,,
3616,07/19/2021 22:43:58,21.02,,
3617,07/19/2021 22:48:58,20.93,,
3618,07/19/2021 22:53:58,20.85,,
3619,07/19/2021 22:58:58,20.72,,
3620,07/19/2021 23:03:58,20.59,,
3621,07/19/2021 23:08:58,20.59,,
3622,07/19/2021 23:13:58,20.55,,
3623,07/19/2021 23:18:58,20.46,,
3624,07/19/2021 23:23:58,20.33,,
3625,07/19/2021 23:28:58,20.25,,
3626,07/19/2021 23:33:58,20.25,,
3627,07/19/2021 23:38:58,20.20,,
3628,07/19/2021 23:43:58,20.12,,
3629,07/19/2021 23:48:58,20.07,,
3630,07/19/2021 23:53:58,19.99,,
3631,07/19/2021 23:58:58,19.86,,
3632,07/20/2021 00:03:58,19.73,,
3633,07/20/2021 00:08:58,19.82,,
3634,07/20/2021 00:13:58,19.82,,
3635,07/20/2021 00:18:58,19.69,,
3636,07/20/2021 00:23:58,19.56,,
3637,07/20/2021 00:28:58,19.47,,
3638,07/20/2021 00:33:58,19.52,,
3639,07/20/2021 00:38:58,19.43,,
3640,07/20/2021 00:43:58,19.39,,
3641,07/20/2021 00:48:58,19.30,,
3642,07/20/2021 00:53:58,19.26,,
3643,07/20/2021 00:58:58,19.17,,
3644,07/20/2021 01:03:58,19.09,,
3645,07/20/2021 01:08:58,19.05,,
3646,07/20/2021 01:13:58,18.87,,
3647,07/20/2021 01:18:58,18.70,,
3648,07/20/2021 01:23:58,18.62,,
3649,07/20/2021 01:28:58,18.53,,
3650,07/20/2021 01:33:58,18.44,,
3651,07/20/2021 01:38:58,18.40,,
3652,07/20/2021 01:43:58,18.32,,
3653,07/20/2021 01:48:58,18.27,,
3654,07/20/2021 01:53:58,18.23,,
3655,07/20/2021 01:58:58,18.19,,
3656,07/20/2021 02:03:58,18.14,,
3657,07/20/2021 02:08:58,18.06,,
3658,07/20/2021 02:13:58,18.02,,
3659,07/20/2021 02:18:58,17.93,,
3660,07/20/2021 02:23:58,17.89,,
3661,07/20/2021 02:28:58,17.84,,
3662,07/20/2021 02:33:58,17.84,,
3663,07/20/2021 02:38:58,17.76,,
3664,07/20/2021 02:43:58,17.63,,
3665,07/20/2021 02:48:58,17.59,,
3666,07/20/2021 02:53:58,17.54,,
3667,07/20/2021 02:58:58,17.50,,
3668,07/20/2021 03:03:58,17.54,,
3669,07/20/2021 03:08:58,17.41,,
3670,07/20/2021 03:13:58,17.37,,
3671,07/20/2021 03:18:58,17.33,,
3672,07/20/2021 03:23:58,17.33,,
3673,07/20/2021 03:28:58,17.33,,
3674,07/20/2021 03:33:58,17.24,,
3675,07/20/2021 03:38:58,17.20,,
3676,07/20/2021 03:43:58,17.16,,
3677,07/20/2021 03:48:58,17.03,,
3678,07/20/2021 03:53:58,16.94,,
3679,07/20/2021 03:58:58,16.90,,
3680,07/20/2021 04:03:58,16.81,,
3681,07/20/2021 04:08:58,16.73,,
3682,07/20/2021 04:13:58,16.56,,
3683,07/20/2021 04:18:58,16.56,,
3684,07/20/2021 04:23:58,16.51,,
3685,07/20/2021 04:28:58,16.43,,
3686,07/20/2021 04:33:58,16.30,,
3687,07/20/2021 04:38:58,16.30,,
3688,07/20/2021 04:43:58,16.21,,
3689,07/20/2021 04:48:58,16.13,,
3690,07/20/2021 04:53:58,16.04,,
3691,07/20/2021 04:58:58,16.00,,
3692,07/20/2021 05:03:58,15.87,,
3693,07/20/2021 05:08:58,15.83,,
3694,07/20/2021 05:13:58,15.70,,
3695,07/20/2021 05:18:58,15.57,,
3696,07/20/2021 05:23:58,15.48,,
3697,07/20/2021 05:28:58,15.40,,
3698,07/20/2021 05:33:58,15.36,,
3699,07/20/2021 05:38:58,15.36,,
3700,07/20/2021 05:43:58,15.27,,
3701,07/20/2021 05:48:58,15.18,,
3702,07/20/2021 05:53:58,15.10,,
3703,07/20/2021 05:58:58,15.14,,
3704,07/20/2021 06:03:58,15.01,,
3705,07/20/2021 06:08:58,15.01,,
3706,07/20/2021 06:13:58,15.01,,
3707,07/20/2021 06:18:58,15.10,,
3708,07/20/2021 06:23:58,15.10,,
3709,07/20/2021 06:28:58,15.18,,
3710,07/20/2021 06:33:58,15.18,,
3711,07/20/2021 06:38:58,15.27,,
3712,07/20/2021 06:43:58,15.44,,
3713,07/20/2021 06:48:58,15.53,,
3714,07/20/2021 06:53:58,15.61,,
3715,07/20/2021 06:58:58,15.78,,
3716,07/20/2021 07:03:58,15.91,,
3717,07/20/2021 07:08:58,16.13,,
3718,07/20/2021 07:13:58,16.34,,
3719,07/20/2021 07:18:58,16.43,,
3720,07/20/2021 07:23:58,16.51,,
3721,07/20/2021 07:28:58,16.73,,
3722,07/20/2021 07:33:58,16.94,,
3723,07/20/2021 07:38:58,17.11,,
3724,07/20/2021 07:43:58,17.37,,
3725,07/20/2021 07:48:58,17.54,,
3726,07/20/2021 07:53:58,17.89,,
3727,07/20/2021 07:58:58,18.19,,
3728,07/20/2021 08:03:58,18.44,,
3729,07/20/2021 08:08:58,18.87,,
3730,07/20/2021 08:13:58,18.87,,
3731,07/20/2021 08:18:58,19.09,,
3732,07/20/2021 08:23:58,19.52,,
3733,07/20/2021 08:28:58,19.60,,
3734,07/20/2021 08:33:58,19.86,,
3735,07/20/2021 08:38:58,20.20,,
3736,07/20/2021 08:43:58,20.55,,
3737,07/20/2021 08:48:58,20.85,,
3738,07/20/2021 08:53:58,21.45,,
3739,07/20/2021 08:58:58,21.83,,
3740,07/20/2021 09:03:58,21.96,,
3741,07/20/2021 09:08:58,22.73,,
3742,07/20/2021 09:13:58,23.51,,
3743,07/20/2021 09:18:58,23.76,,
3744,07/20/2021 09:23:58,24.11,,
3745,07/20/2021 09:28:58,24.45,,
3746,07/20/2021 09:33:58,24.79,,
3747,07/20/2021 09:38:58,25.14,,
3748,07/20/2021 09:43:58,25.39,,
3749,07/20/2021 09:48:58,25.95,,
3750,07/20/2021 09:53:58,26.60,,
3751,07/20/2021 09:58:58,27.15,,
3752,07/20/2021 10:03:58,27.32,,
3753,07/20/2021 10:08:58,28.01,,
3754,07/20/2021 10:13:58,28.61,,
3755,07/20/2021 10:18:58,29.60,,
3756,07/20/2021 10:23:58,29.21,,
3757,07/20/2021 10:28:58,30.20,,
3758,07/20/2021 10:33:58,30.63,,
3759,07/20/2021 10:38:58,30.59,,
3760,07/20/2021 10:43:58,30.59,,
3761,07/20/2021 10:48:58,31.19,,
3762,07/20/2021 10:53:58,31.92,,
3763,07/20/2021 10:58:58,32.56,,
3764,07/20/2021 11:03:58,32.77,,
3765,07/20/2021 11:08:58,32.99,,
3766,07/20/2021 11:13:58,33.76,,
3767,07/20/2021 11:18:58,33.33,,
3768,07/20/2021 11:23:58,33.85,,
3769,07/20/2021 11:28:58,33.59,,
3770,07/20/2021 11:33:58,33.93,,
3771,07/20/2021 11:38:58,34.49,,
3772,07/20/2021 11:43:58,34.27,,
3773,07/20/2021 11:48:58,34.40,,
3774,07/20/2021 11:53:58,34.79,,
3775,07/20/2021 11:58:58,35.52,,
3776,07/20/2021 12:03:58,35.35,,
3777,07/20/2021 12:08:58,35.73,,
3778,07/20/2021 12:13:58,35.69,,
3779,07/20/2021 12:18:58,36.08,,
3780,07/20/2021 12:23:58,35.05,,
3781,07/20/2021 12:28:58,35.30,,
3782,07/20/2021 12:33:58,35.78,,
3783,07/20/2021 12:38:58,35.73,,
3784,07/20/2021 12:43:58,35.86,,
3785,07/20/2021 12:48:58,35.82,,
3786,07/20/2021 12:53:58,35.35,,
3787,07/20/2021 12:58:58,35.26,,
3788,07/20/2021 13:03:58,35.43,,
3789,07/20/2021 13:08:58,35.30,,
3790,07/20/2021 13:13:58,35.60,,
3791,07/20/2021 13:18:58,35.56,,
3792,07/20/2021 13:23:58,35.43,,
3793,07/20/2021 13:28:58,35.52,,
3794,07/20/2021 13:33:58,35.65,,
3795,07/20/2021 13:38:58,36.12,,
3796,07/20/2021 13:43:58,36.03,,
3797,07/20/2021 13:48:58,36.21,,
3798,07/20/2021 13:53:58,36.55,,
3799,07/20/2021 13:58:58,36.63,,
3800,07/20/2021 14:03:58,36.55,,
3801,07/20/2021 14:08:58,37.11,,
3802,07/20/2021 14:13:58,37.45,,
3803,07/20/2021 14:18:58,37.49,,
3804,07/20/2021 14:23:58,37.92,,
3805,07/20/2021 14:28:58,38.26,,
3806,07/20/2021 14:33:58,38.26,,
3807,07/20/2021 14:38:58,38.31,,
3808,07/20/2021 14:43:58,38.69,,
3809,07/20/2021 14:48:58,38.95,,
3810,07/20/2021 14:53:58,39.51,,
3811,07/20/2021 14:58:58,40.41,,
3812,07/20/2021 15:03:58,41.10,,
3813,07/20/2021 15:08:58,41.01,,
3814,07/20/2021 15:13:58,41.14,,
3815,07/20/2021 15:18:58,41.31,,
3816,07/20/2021 15:23:58,41.35,,
3817,07/20/2021 15:28:58,41.35,,
3818,07/20/2021 15:33:58,41.01,,
3819,07/20/2021 15:38:58,41.74,,
3820,07/20/2021 15:43:58,41.65,,
3821,07/20/2021 15:48:58,41.91,,
3822,07/20/2021 15:53:58,42.38,,
3823,07/20/2021 15:58:58,42.08,,
3824,07/20/2021 16:03:58,41.87,,
3825,07/20/2021 16:08:58,42.00,,
3826,07/20/2021 16:13:58,41.70,,
3827,07/20/2021 16:18:58,41.22,,
3828,07/20/2021 16:23:58,40.54,,
3829,07/20/2021 16:28:58,40.97,,
3830,07/20/2021 16:33:58,41.44,,
3831,07/20/2021 16:38:58,40.88,,
3832,07/20/2021 16:43:58,41.35,,
3833,07/20/2021 16:48:58,41.78,,
3834,07/20/2021 16:53:58,41.40,,
3835,07/20/2021 16:58:58,41.01,,
3836,07/20/2021 17:03:58,41.40,,
3837,07/20/2021 17:08:58,40.80,,
3838,07/20/2021 17:13:58,40.11,,
3839,07/20/2021 17:18:58,40.32,,
3840,07/20/2021 17:23:58,40.45,,
3841,07/20/2021 17:28:58,39.85,,
3842,07/20/2021 17:33:58,39.51,,
3843,07/20/2021 17:38:58,39.34,,
3844,07/20/2021 17:43:58,38.74,,
3845,07/20/2021 17:48:58,38.56,,
3846,07/20/2021 17:53:58,38.52,,
3847,07/20/2021 17:58:58,38.14,,
3848,07/20/2021 18:03:58,38.44,,
3849,07/20/2021 18:08:58,37.84,,
3850,07/20/2021 18:13:58,37.62,,
3851,07/20/2021 18:18:58,37.19,,
3852,07/20/2021 18:23:58,36.89,,
3853,07/20/2021 18:28:58,36.63,,
3854,07/20/2021 18:33:58,35.95,,
3855,07/20/2021 18:38:58,35.39,,
3856,07/20/2021 18:43:58,35.18,,
3857,07/20/2021 18:48:58,34.32,,
3858,07/20/2021 18:53:58,33.93,,
3859,07/20/2021 18:58:58,33.20,,
3860,07/20/2021 19:03:58,33.03,,
3861,07/20/2021 19:08:58,32.60,,
3862,07/20/2021 19:13:58,32.34,,
3863,07/20/2021 19:18:58,32.17,,
3864,07/20/2021 19:23:58,31.79,,
3865,07/20/2021 19:28:58,31.44,,
3866,07/20/2021 19:33:58,31.10,,
3867,07/20/2021 19:38:58,30.67,,
3868,07/20/2021 19:43:58,30.46,,
3869,07/20/2021 19:48:58,29.94,,
3870,07/20/2021 19:53:58,29.77,,
3871,07/20/2021 19:58:58,29.21,,
3872,07/20/2021 20:03:58,28.74,,
3873,07/20/2021 20:08:58,28.65,,
3874,07/20/2021 20:13:58,28.61,,
3875,07/20/2021 20:18:58,27.75,,
3876,07/20/2021 20:23:58,26.64,,
3877,07/20/2021 20:28:58,25.91,,
3878,07/20/2021 20:33:58,25.39,,
3879,07/20/2021 20:38:58,24.97,,
3880,07/20/2021 20:43:58,24.71,,
3881,07/20/2021 20:48:58,24.41,,
3882,07/20/2021 20:53:58,24.19,,
3883,07/20/2021 20:58:58,23.89,,
3884,07/20/2021 21:03:58,23.51,,
3885,07/20/2021 21:08:58,23.21,,
3886,07/20/2021 21:13:58,22.99,,
3887,07/20/2021 21:18:58,22.73,,
3888,07/20/2021 21:23:58,22.52,,
3889,07/20/2021 21:28:58,22.31,,
3890,07/20/2021 21:33:58,22.05,,
3891,07/20/2021 21:38:58,21.96,,
3892,07/20/2021 21:43:58,21.83,,
3893,07/20/2021 21:48:58,21.62,,
3894,07/20/2021 21:53:58,21.40,,
3895,07/20/2021 21:58:58,21.23,,
3896,07/20/2021 22:03:58,21.02,,
3897,07/20/2021 22:08:58,20.89,,
3898,07/20/2021 22:13:58,20.76,,
3899,07/20/2021 22:18:58,20.50,,
3900,07/20/2021 22:23:58,20.37,,
3901,07/20/2021 22:28:58,20.33,,
3902,07/20/2021 22:33:58,20.25,,
3903,07/20/2021 22:38:58,20.03,,
3904,07/20/2021 22:43:58,19.82,,
3905,07/20/2021 22:48:58,19.82,,
3906,07/20/2021 22:53:58,19.65,,
3907,07/20/2021 22:58:58,19.47,,
3908,07/20/2021 23:03:58,19.39,,
3909,07/20/2021 23:08:58,19.26,,
3910,07/20/2021 23:13:58,19.26,,
3911,07/20/2021 23:18:58,19.09,,
3912,07/20/2021 23:23:58,19.05,,
3913,07/20/2021 23:28:58,18.79,,
3914,07/20/2021 23:33:58,18.66,,
3915,07/20/2021 23:38:58,18.62,,
3916,07/20/2021 23:43:58,18.57,,
3917,07/20/2021 23:48:58,18.53,,
3918,07/20/2021 23:53:58,18.44,,
3919,07/20/2021 23:58:58,18.36,,
3920,07/21/2021 00:03:58,18.23,,
3921,07/21/2021 00:08:58,18.14,,
3922,07/21/2021 00:13:58,17.97,,
3923,07/21/2021 00:18:58,17.93,,
3924,07/21/2021 00:23:58,17.72,,
3925,07/21/2021 00:28:58,17.63,,
3926,07/21/2021 00:33:58,17.54,,
3927,07/21/2021 00:38:58,17.46,,
3928,07/21/2021 00:43:58,17.33,,
3929,07/21/2021 00:48:58,17.24,,
3930,07/21/2021 00:53:58,17.24,,
3931,07/21/2021 00:58:58,17.11,,
3932,07/21/2021 01:03:58,17.11,,
3933,07/21/2021 01:08:58,16.94,,
3934,07/21/2021 01:13:58,16.90,,
3935,07/21/2021 01:18:58,16.81,,
3936,07/21/2021 01:23:58,16.81,,
3937,07/21/2021 01:28:58,16.77,,
3938,07/21/2021 01:33:58,16.69,,
3939,07/21/2021 01:38:58,16.60,,
3940,07/21/2021 01:43:58,16.56,,
3941,07/21/2021 01:48:58,16.43,,
3942,07/21/2021 01:53:58,16.43,,
3943,07/21/2021 01:58:58,16.43,,
3944,07/21/2021 02:03:58,16.39,,
3945,07/21/2021 02:08:58,16.30,,
3946,07/21/2021 02:13:58,16.21,,
3947,07/21/2021 02:18:58,16.13,,
3948,07/21/2021 02:23:58,16.08,,
3949,07/21/2021 02:28:58,15.96,,
3950,07/21/2021 02:33:58,16.00,,
3951,07/21/2021 02:38:58,15.96,,
3952,07/21/2021 02:43:58,15.96,,
3953,07/21/2021 02:48:58,15.78,,
3954,07/21/2021 02:53:58,15.83,,
3955,07/21/2021 02:58:58,15.74,,
3956,07/21/2021 03:03:58,15.66,,
3957,07/21/2021 03:08:58,15.66,,
3958,07/21/2021 03:13:58,15.66,,
3959,07/21/2021 03:18:58,15.61,,
3960,07/21/2021 03:23:58,15.53,,
3961,07/21/2021 03:28:58,15.57,,
3962,07/21/2021 03:33:58,15.53,,
3963,07/21/2021 03:38:58,15.44,,
3964,07/21/2021 03:43:58,15.31,,
3965,07/21/2021 03:48:58,15.27,,
3966,07/21/2021 03:53:58,15.31,,
3967,07/21/2021 03:58:58,15.27,,
3968,07/21/2021 04:03:58,15.27,,
3969,07/21/2021 04:08:58,15.27,,
3970,07/21/2021 04:13:58,15.31,,
3971,07/21/2021 04:18:58,15.18,,
3972,07/21/2021 04:23:58,15.18,,
3973,07/21/2021 04:28:58,15.18,,
3974,07/21/2021 04:33:58,15.14,,
3975,07/21/2021 04:38:58,15.14,,
3976,07/21/2021 04:43:58,15.06,,
3977,07/21/2021 04:48:58,14.88,,
3978,07/21/2021 04:53:58,14.75,,
3979,07/21/2021 04:58:58,14.63,,
3980,07/21/2021 05:03:58,14.58,,
3981,07/21/2021 05:08:58,14.54,,
3982,07/21/2021 05:13:58,14.50,,
3983,07/21/2021 05:18:58,14.41,,
3984,07/21/2021 05:23:58,14.54,,
3985,07/21/2021 05:28:58,14.58,,
3986,07/21/2021 05:33:58,14.58,,
3987,07/21/2021 05:38:58,14.63,,
3988,07/21/2021 05:43:58,14.54,,
3989,07/21/2021 05:48:58,14.50,,
3990,07/21/2021 05:53:58,14.37,,
3991,07/21/2021 05:58:58,14.24,,
3992,07/21/2021 06:03:58,14.20,,
3993,07/21/2021 06:08:58,14.24,,
3994,07/21/2021 06:13:58,14.07,,
3995,07/21/2021 06:18:58,13.98,,
3996,07/21/2021 06:23:58,14.03,,
3997,07/21/2021 06:28:58,13.98,,
3998,07/21/2021 06:33:58,14.11,,
3999,07/21/2021 06:38:58,14.28,,
4000,07/21/2021 06:43:58,14.37,,
4001,07/21/2021 06:48:58,14.54,,
4002,07/21/2021 06:53:58,14.63,,
4003,07/21/2021 06:58:58,14.80,,
4004,07/21/2021 07:03:58,14.97,,
4005,07/21/2021 07:08:58,15.18,,
4006,07/21/2021 07:13:58,15.36,,
4007,07/21/2021 07:18:58,15.57,,
4008,07/21/2021 07:23:58,15.74,,
4009,07/21/2021 07:28:58,15.91,,
4010,07/21/2021 07:33:58,16.00,,
4011,07/21/2021 07:38:58,16.04,,
4012,07/21/2021 07:43:58,16.21,,
4013,07/21/2021 07:48:58,16.30,,
4014,07/21/2021 07:53:58,16.47,,
4015,07/21/2021 07:58:58,16.69,,
4016,07/21/2021 08:03:58,16.86,,
4017,07/21/2021 08:08:58,17.16,,
4018,07/21/2021 08:13:58,17.37,,
4019,07/21/2021 08:18:58,17.76,,
4020,07/21/2021 08:23:58,18.19,,
4021,07/21/2021 08:28:58,18.49,,
4022,07/21/2021 08:33:58,18.83,,
4023,07/21/2021 08:38:58,19.09,,
4024,07/21/2021 08:43:58,19.43,,
4025,07/21/2021 08:48:58,19.82,,
4026,07/21/2021 08:53:58,20.25,,
4027,07/21/2021 08:58:58,20.68,,
4028,07/21/2021 09:03:58,20.98,,
4029,07/21/2021 09:08:58,21.40,,
4030,07/21/2021 09:13:58,22.22,,
4031,07/21/2021 09:18:58,22.65,,
4032,07/21/2021 09:23:58,23.29,,
4033,07/21/2021 09:28:58,23.55,,
4034,07/21/2021 09:33:58,23.68,,
4035,07/21/2021 09:38:58,24.28,,
4036,07/21/2021 09:43:58,24.92,,
4037,07/21/2021 09:48:58,25.57,,
4038,07/21/2021 09:53:58,25.99,,
4039,07/21/2021 09:58:58,26.51,,
4040,07/21/2021 10:03:58,26.81,,
4041,07/21/2021 10:08:58,27.88,,
4042,07/21/2021 10:13:58,27.37,,
4043,07/21/2021 10:18:58,27.41,,
4044,07/21/2021 10:23:58,28.74,,
4045,07/21/2021 10:28:58,28.48,,
4046,07/21/2021 10:33:58,28.65,,
4047,07/21/2021 10:38:58,28.40,,
4048,07/21/2021 10:43:58,29.34,,
4049,07/21/2021 10:48:58,30.28,,
4050,07/21/2021 10:53:58,30.89,,
4051,07/21/2021 10:58:58,30.76,,
4052,07/21/2021 11:03:58,31.10,,
4053,07/21/2021 11:08:58,31.79,,
4054,07/21/2021 11:13:58,32.82,,
4055,07/21/2021 11:18:58,32.56,,
4056,07/21/2021 11:23:58,32.99,,
4057,07/21/2021 11:28:58,33.55,,
4058,07/21/2021 11:33:58,33.12,,
4059,07/21/2021 11:38:58,34.10,,
4060,07/21/2021 11:43:58,34.36,,
4061,07/21/2021 11:48:58,34.19,,
4062,07/21/2021 11:53:58,35.26,,
4063,07/21/2021 11:58:58,35.95,,
4064,07/21/2021 12:03:58,35.86,,
4065,07/21/2021 12:08:58,36.08,,
4066,07/21/2021 12:13:58,34.79,,
4067,07/21/2021 12:18:58,35.52,,
4068,07/21/2021 12:23:58,35.35,,
4069,07/21/2021 12:28:58,34.70,,
4070,07/21/2021 12:33:58,34.45,,
4071,07/21/2021 12:38:58,34.66,,
4072,07/21/2021 12:43:58,34.66,,
4073,07/21/2021 12:48:58,34.53,,
4074,07/21/2021 12:53:58,34.49,,
4075,07/21/2021 12:58:58,33.85,,
4076,07/21/2021 13:03:58,34.06,,
4077,07/21/2021 13:08:58,34.19,,
4078,07/21/2021 13:13:58,34.75,,
4079,07/21/2021 13:18:58,34.79,,
4080,07/21/2021 13:23:58,34.92,,
4081,07/21/2021 13:28:58,35.65,,
4082,07/21/2021 13:33:58,35.56,,
4083,07/21/2021 13:38:58,35.65,,
4084,07/21/2021 13:43:58,35.86,,
4085,07/21/2021 13:48:58,35.86,,
4086,07/21/2021 13:53:58,35.48,,
4087,07/21/2021 13:58:58,36.42,,
4088,07/21/2021 14:03:58,36.25,,
4089,07/21/2021 14:08:58,36.12,,
4090,07/21/2021 14:13:58,36.89,,
4091,07/21/2021 14:18:58,37.66,,
4092,07/21/2021 14:23:58,37.88,,
4093,07/21/2021 14:28:58,37.66,,
4094,07/21/2021 14:33:58,37.71,,
4095,07/21/2021 14:38:58,38.18,,
4096,07/21/2021 14:43:58,38.05,,
4097,07/21/2021 14:48:58,38.56,,
4098,07/21/2021 14:53:58,39.68,,
4099,07/21/2021 14:58:58,40.62,,
4100,07/21/2021 15:03:58,40.67,,
4101,07/21/2021 15:08:58,40.80,,
4102,07/21/2021 15:13:58,40.32,,
4103,07/21/2021 15:18:58,41.14,,
4104,07/21/2021 15:23:58,41.95,,
4105,07/21/2021 15:28:58,42.60,,
4106,07/21/2021 15:33:58,42.64,,
4107,07/21/2021 15:38:58,43.03,,
4108,07/21/2021 15:43:58,43.41,,
4109,07/21/2021 15:48:58,43.80,,
4110,07/21/2021 15:53:58,43.11,,
4111,07/21/2021 15:58:58,43.37,,
4112,07/21/2021 16:03:58,43.76,,
4113,07/21/2021 16:08:58,43.24,,
4114,07/21/2021 16:13:58,43.11,,
4115,07/21/2021 16:18:58,43.28,,
4116,07/21/2021 16:23:58,43.71,,
4117,07/21/2021 16:28:58,43.33,,
4118,07/21/2021 16:33:58,43.71,,
4119,07/21/2021 16:38:58,43.88,,
4120,07/21/2021 16:43:58,44.14,,
4121,07/21/2021 16:48:58,43.63,,
4122,07/21/2021 16:53:58,43.28,,
4123,07/21/2021 16:58:58,43.37,,
4124,07/21/2021 17:03:58,43.54,,
4125,07/21/2021 17:08:58,43.20,,
4126,07/21/2021 17:13:58,43.20,,
4127,07/21/2021 17:18:58,43.20,,
4128,07/21/2021 17:23:58,43.16,,
4129,07/21/2021 17:28:58,42.60,,
4130,07/21/2021 17:33:58,42.51,,
4131,07/21/2021 17:38:58,42.60,,
4132,07/21/2021 17:43:58,42.17,,
4133,07/21/2021 17:48:58,42.04,,
4134,07/21/2021 17:53:58,41.61,,
4135,07/21/2021 17:58:58,41.31,,
4136,07/21/2021 18:03:58,40.84,,
4137,07/21/2021 18:08:58,40.54,,
4138,07/21/2021 18:13:58,40.11,,
4139,07/21/2021 18:18:58,39.81,,
4140,07/21/2021 18:23:58,39.25,,
4141,07/21/2021 18:28:58,38.86,,
4142,07/21/2021 18:33:58,38.56,,
4143,07/21/2021 18:38:58,38.14,,
4144,07/21/2021 18:43:58,37.58,,
4145,07/21/2021 18:48:58,37.19,,
4146,07/21/2021 18:53:58,36.55,,
4147,07/21/2021 18:58:58,36.33,,
4148,07/21/2021 19:03:58,35.73,,
4149,07/21/2021 19:08:58,35.13,,
4150,07/21/2021 19:13:58,34.40,,
4151,07/21/2021 19:18:58,33.89,,
4152,07/21/2021 19:23:58,33.55,,
4153,07/21/2021 19:28:58,32.94,,
4154,07/21/2021 19:33:58,32.47,,
4155,07/21/2021 19:38:58,32.00,,
4156,07/21/2021 19:43:58,31.49,,
4157,07/21/2021 19:48:58,31.10,,
4158,07/21/2021 19:53:58,30.89,,
4159,07/21/2021 19:58:58,30.93,,
4160,07/21/2021 20:03:58,30.63,,
4161,07/21/2021 20:08:58,30.28,,
4162,07/21/2021 20:13:58,29.56,,
4163,07/21/2021 20:18:58,28.70,,
4164,07/21/2021 20:23:58,27.58,,
4165,07/21/2021 20:28:58,26.85,,
4166,07/21/2021 20:33:58,26.34,,
4167,07/21/2021 20:38:58,25.87,,
4168,07/21/2021 20:43:58,25.48,,
4169,07/21/2021 20:48:58,25.14,,
4170,07/21/2021 20:53:58,24.66,,
4171,07/21/2021 20:58:58,24.28,,
4172,07/21/2021 21:03:58,23.94,,
4173,07/21/2021 21:08:58,23.64,,
4174,07/21/2021 21:13:58,23.38,,
4175,07/21/2021 21:18:58,23.12,,
4176,07/21/2021 21:23:58,22.82,,
4177,07/21/2021 21:28:58,22.61,,
4178,07/21/2021 21:33:58,22.39,,
4179,07/21/2021 21:38:58,22.13,,
4180,07/21/2021 21:43:58,21.88,,
4181,07/21/2021 21:48:58,21.75,,
4182,07/21/2021 21:53:58,21.66,,
4183,07/21/2021 21:58:58,21.58,,
4184,07/21/2021 22:03:58,21.32,,
4185,07/21/2021 22:08:58,21.19,,
4186,07/21/2021 22:13:58,20.98,,
4187,07/21/2021 22:18:58,20.80,,
4188,07/21/2021 22:23:58,20.68,,
4189,07/21/2021 22:28:58,20.42,,
4190,07/21/2021 22:33:58,20.29,,
4191,07/21/2021 22:38:58,20.03,,
4192,07/21/2021 22:43:58,19.95,,
4193,07/21/2021 22:48:58,19.73,,
4194,07/21/2021 22:53:58,19.60,,
4195,07/21/2021 22:58:58,19.56,,
4196,07/21/2021 23:03:58,19.39,,
4197,07/21/2021 23:08:58,19.22,,
4198,07/21/2021 23:13:58,19.09,,
4199,07/21/2021 23:18:58,19.00,,
4200,07/21/2021 23:23:58,18.87,,
4201,07/21/2021 23:28:58,18.87,,
4202,07/21/2021 23:33:58,18.66,,
4203,07/21/2021 23:38:58,18.66,,
4204,07/21/2021 23:43:58,18.62,,
4205,07/21/2021 23:48:58,18.62,,
4206,07/21/2021 23:53:58,18.53,,
4207,07/21/2021 23:58:58,18.49,,
4208,07/22/2021 00:03:58,18.36,,
4209,07/22/2021 00:08:58,18.32,,
4210,07/22/2021 00:13:58,18.23,,
4211,07/22/2021 00:18:58,18.19,,
4212,07/22/2021 00:23:58,18.10,,
4213,07/22/2021 00:28:58,18.06,,
4214,07/22/2021 00:33:58,17.93,,
4215,07/22/2021 00:38:58,17.89,,
4216,07/22/2021 00:43:58,17.93,,
4217,07/22/2021 00:48:58,17.76,,
4218,07/22/2021 00:53:58,17.67,,
4219,07/22/2021 00:58:58,17.67,,
4220,07/22/2021 01:03:58,17.54,,
4221,07/22/2021 01:08:58,17.46,,
4222,07/22/2021 01:13:58,17.37,,
4223,07/22/2021 01:18:58,17.33,,
4224,07/22/2021 01:23:58,17.20,,
4225,07/22/2021 01:28:58,17.16,,
4226,07/22/2021 01:33:58,17.07,,
4227,07/22/2021 01:38:58,16.94,,
4228,07/22/2021 01:43:58,16.86,,
4229,07/22/2021 01:48:58,16.81,,
4230,07/22/2021 01:53:58,16.81,,
4231,07/22/2021 01:58:58,16.60,,
4232,07/22/2021 02:03:58,16.56,,
4233,07/22/2021 02:08:58,16.51,,
4234,07/22/2021 02:13:58,16.39,,
4235,07/22/2021 02:18:58,16.39,,
4236,07/22/2021 02:23:58,16.30,,
4237,07/22/2021 02:28:58,16.30,,
4238,07/22/2021 02:33:58,16.26,,
4239,07/22/2021 02:38:58,16.17,,
4240,07/22/2021 02:43:58,16.17,,
4241,07/22/2021 02:48:58,16.08,,
4242,07/22/2021 02:53:58,16.04,,
4243,07/22/2021 02:58:58,16.04,,
4244,07/22/2021 03:03:58,15.96,,
4245,07/22/2021 03:08:58,15.96,,
4246,07/22/2021 03:13:58,15.91,,
4247,07/22/2021 03:18:58,15.91,,
4248,07/22/2021 03:23:58,15.83,,
4249,07/22/2021 03:28:58,15.74,,
4250,07/22/2021 03:33:58,15.78,,
4251,07/22/2021 03:38:58,15.70,,
4252,07/22/2021 03:43:58,15.74,,
4253,07/22/2021 03:48:58,15.66,,
4254,07/22/2021 03:53:58,15.61,,
4255,07/22/2021 03:58:58,15.57,,
4256,07/22/2021 04:03:58,15.48,,
4257,07/22/2021 04:08:58,15.48,,
4258,07/22/2021 04:13:58,15.40,,
4259,07/22/2021 04:18:58,15.40,,
4260,07/22/2021 04:23:58,15.36,,
4261,07/22/2021 04:28:58,15.36,,
4262,07/22/2021 04:33:58,15.27,,
4263,07/22/2021 04:38:58,15.18,,
4264,07/22/2021 04:43:58,15.23,,
4265,07/22/2021 04:48:58,15.23,,
4266,07/22/2021 04:53:58,15.18,,
4267,07/22/2021 04:58:58,15.14,,
4268,07/22/2021 05:03:58,14.97,,
4269,07/22/2021 05:08:58,15.06,,
4270,07/22/2021 05:13:58,15.06,,
4271,07/22/2021 05:18:58,14.88,,
4272,07/22/2021 05:23:58,14.88,,
4273,07/22/2021 05:28:58,14.84,,
4274,07/22/2021 05:33:58,14.80,,
4275,07/22/2021 05:38:58,14.75,,
4276,07/22/2021 05:43:58,14.71,,
4277,07/22/2021 05:48:58,14.54,,
4278,07/22/2021 05:53:58,14.45,,
4279,07/22/2021 05:58:58,14.45,,
4280,07/22/2021 06:03:58,14.41,,
4281,07/22/2021 06:08:58,14.37,,
4282,07/22/2021 06:13:58,14.37,,
4283,07/22/2021 06:18:58,14.37,,
4284,07/22/2021 06:23:58,14.37,,
4285,07/22/2021 06:28:58,14.50,,
4286,07/22/2021 06:33:58,14.54,,
4287,07/22/2021 06:38:58,14.58,,
4288,07/22/2021 06:43:58,14.71,,
4289,07/22/2021 06:48:58,14.63,,
4290,07/22/2021 06:53:58,14.67,,
4291,07/22/2021 06:58:58,14.71,,
4292,07/22/2021 07:03:58,14.75,,
4293,07/22/2021 07:08:58,14.71,,
4294,07/22/2021 07:13:58,14.84,,
4295,07/22/2021 07:18:58,15.01,,
4296,07/22/2021 07:23:58,15.01,,
4297,07/22/2021 07:28:58,15.23,,
4298,07/22/2021 07:33:58,15.36,,
4299,07/22/2021 07:38:58,15.48,,
4300,07/22/2021 07:43:58,15.66,,
4301,07/22/2021 07:48:58,15.87,,
4302,07/22/2021 07:53:58,16.17,,
4303,07/22/2021 07:58:58,16.56,,
4304,07/22/2021 08:03:58,16.77,,
4305,07/22/2021 08:08:58,17.07,,
4306,07/22/2021 08:13:58,17.33,,
4307,07/22/2021 08:18:58,17.59,,
4308,07/22/2021 08:23:58,17.80,,
4309,07/22/2021 08:28:58,18.10,,
4310,07/22/2021 08:33:58,18.27,,
4311,07/22/2021 08:38:58,18.57,,
4312,07/22/2021 08:43:58,18.83,,
4313,07/22/2021 08:48:58,18.96,,
4314,07/22/2021 08:53:58,19.39,,
4315,07/22/2021 08:58:58,19.77,,
4316,07/22/2021 09:03:58,19.99,,
4317,07/22/2021 09:08:58,20.55,,
4318,07/22/2021 09:13:58,21.06,,
4319,07/22/2021 09:18:58,21.53,,
4320,07/22/2021 09:23:58,21.83,,
4321,07/22/2021 09:28:58,22.35,,
4322,07/22/2021 09:33:58,22.91,,
4323,07/22/2021 09:38:58,22.86,,
4324,07/22/2021 09:43:58,23.72,,
4325,07/22/2021 09:48:58,24.15,,
4326,07/22/2021 09:53:58,24.45,,
4327,07/22/2021 09:58:58,24.88,,
4328,07/22/2021 10:03:58,25.01,,
4329,07/22/2021 10:08:58,25.52,,
4330,07/22/2021 10:13:58,26.30,,
4331,07/22/2021 10:18:58,26.30,,
4332,07/22/2021 10:23:58,26.55,,
4333,07/22/2021 10:28:58,26.94,,
4334,07/22/2021 10:33:58,27.41,,
4335,07/22/2021 10:38:58,27.67,,
4336,07/22/2021 10:43:58,27.93,,
4337,07/22/2021 10:48:58,28.31,,
4338,07/22/2021 10:53:58,28.70,,
4339,07/22/2021 10:58:58,29.04,,
4340,07/22/2021 11:03:58,29.30,,
4341,07/22/2021 11:08:58,30.11,,
4342,07/22/2021 11:13:58,30.11,,
4343,07/22/2021 11:18:58,30.89,,
4344,07/22/2021 11:23:58,30.76,,
4345,07/22/2021 11:28:58,31.14,,
4346,07/22/2021 11:33:58,31.53,,
4347,07/22/2021 11:38:58,32.52,,
4348,07/22/2021 11:43:58,31.36,,
4349,07/22/2021 11:48:58,31.83,,
4350,07/22/2021 11:53:58,32.82,,
4351,07/22/2021 11:58:58,33.29,,
4352,07/22/2021 12:03:58,33.55,,
4353,07/22/2021 12:08:58,33.25,,
4354,07/22/2021 12:13:58,34.36,,
4355,07/22/2021 12:18:58,34.66,,
4356,07/22/2021 12:23:58,34.27,,
4357,07/22/2021 12:28:58,33.97,,
4358,07/22/2021 12:33:58,34.57,,
4359,07/22/2021 12:38:58,34.53,,
4360,07/22/2021 12:43:58,33.97,,
4361,07/22/2021 12:48:58,34.15,,
4362,07/22/2021 12:53:58,33.80,,
4363,07/22/2021 12:58:58,33.37,,
4364,07/22/2021 13:03:58,34.19,,
4365,07/22/2021 13:08:58,34.36,,
4366,07/22/2021 13:13:58,34.10,,
4367,07/22/2021 13:18:58,34.15,,
4368,07/22/2021 13:23:58,34.40,,
4369,07/22/2021 13:28:58,34.32,,
4370,07/22/2021 13:33:58,34.75,,
4371,07/22/2021 13:38:58,35.39,,
4372,07/22/2021 13:43:58,35.30,,
4373,07/22/2021 13:48:58,35.48,,
4374,07/22/2021 13:53:58,35.90,,
4375,07/22/2021 13:58:58,36.51,,
4376,07/22/2021 14:03:58,36.16,,
4377,07/22/2021 14:08:58,36.21,,
4378,07/22/2021 14:13:58,35.86,,
4379,07/22/2021 14:18:58,36.81,,
4380,07/22/2021 14:23:58,37.23,,
4381,07/22/2021 14:28:58,37.96,,
4382,07/22/2021 14:33:58,38.18,,
4383,07/22/2021 14:38:58,38.22,,
4384,07/22/2021 14:43:58,38.74,,
4385,07/22/2021 14:48:58,38.78,,
4386,07/22/2021 14:53:58,40.02,,
4387,07/22/2021 14:58:58,40.71,,
4388,07/22/2021 15:03:58,41.78,,
4389,07/22/2021 15:08:58,41.91,,
4390,07/22/2021 15:13:58,42.30,,
4391,07/22/2021 15:18:58,42.68,,
4392,07/22/2021 15:23:58,43.16,,
4393,07/22/2021 15:28:58,42.98,,
4394,07/22/2021 15:33:58,43.76,,
4395,07/22/2021 15:38:58,44.23,,
4396,07/22/2021 15:43:58,43.33,,
4397,07/22/2021 15:48:58,43.67,,
4398,07/22/2021 15:53:58,43.93,,
4399,07/22/2021 15:58:58,43.71,,
4400,07/22/2021 16:03:58,43.41,,
4401,07/22/2021 16:08:58,43.80,,
4402,07/22/2021 16:13:58,43.50,,
4403,07/22/2021 16:18:58,43.63,,
4404,07/22/2021 16:23:58,43.50,,
4405,07/22/2021 16:28:58,44.01,,
4406,07/22/2021 16:33:58,43.88,,
4407,07/22/2021 16:38:58,43.50,,
4408,07/22/2021 16:43:58,43.03,,
4409,07/22/2021 16:48:58,43.28,,
4410,07/22/2021 16:53:58,42.94,,
4411,07/22/2021 16:58:58,42.47,,
4412,07/22/2021 17:03:58,42.00,,
4413,07/22/2021 17:08:58,41.78,,
4414,07/22/2021 17:13:58,41.57,,
4415,07/22/2021 17:18:58,41.48,,
4416,07/22/2021 17:23:58,41.05,,
4417,07/22/2021 17:28:58,41.05,,
4418,07/22/2021 17:33:58,40.54,,
4419,07/22/2021 17:38:58,40.37,,
4420,07/22/2021 17:43:58,39.81,,
4421,07/22/2021 17:48:58,39.64,,
4422,07/22/2021 17:53:58,39.64,,
4423,07/22/2021 17:58:58,39.21,,
4424,07/22/2021 18:03:58,39.08,,
4425,07/22/2021 18:08:58,39.17,,
4426,07/22/2021 18:13:58,38.78,,
4427,07/22/2021 18:18:58,37.96,,
4428,07/22/2021 18:23:58,37.88,,
4429,07/22/2021 18:28:58,37.75,,
4430,07/22/2021 18:33:58,37.19,,
4431,07/22/2021 18:38:58,36.72,,
4432,07/22/2021 18:43:58,35.99,,
4433,07/22/2021 18:48:58,35.82,,
4434,07/22/2021 18:53:58,35.22,,
4435,07/22/2021 18:58:58,34.75,,
4436,07/22/2021 19:03:58,33.97,,
4437,07/22/2021 19:08:58,33.67,,
4438,07/22/2021 19:13:58,33.12,,
4439,07/22/2021 19:18:58,32.64,,
4440,07/22/2021 19:23:58,32.39,,
4441,07/22/2021 19:28:58,32.04,,
4442,07/22/2021 19:33:58,31.49,,
4443,07/22/2021 19:38:58,30.80,,
4444,07/22/2021 19:43:58,30.24,,
4445,07/22/2021 19:48:58,29.94,,
4446,07/22/2021 19:53:58,29.98,,
4447,07/22/2021 19:58:58,29.73,,
4448,07/22/2021 20:03:58,29.34,,
4449,07/22/2021 20:08:58,28.78,,
4450,07/22/2021 20:13:58,27.71,,
4451,07/22/2021 20:18:58,26.81,,
4452,07/22/2021 20:23:58,26.08,,
4453,07/22/2021 20:28:58,25.39,,
4454,07/22/2021 20:33:58,24.88,,
4455,07/22/2021 20:38:58,24.45,,
4456,07/22/2021 20:43:58,23.98,,
4457,07/22/2021 20:48:58,23.68,,
4458,07/22/2021 20:53:58,23.29,,
4459,07/22/2021 20:58:58,22.95,,
4460,07/22/2021 21:03:58,22.65,,
4461,07/22/2021 21:08:58,22.43,,
4462,07/22/2021 21:13:58,22.22,,
4463,07/22/2021 21:18:58,21.96,,
4464,07/22/2021 21:23:58,21.62,,
4465,07/22/2021 21:28:58,21.49,,
4466,07/22/2021 21:33:58,21.28,,
4467,07/22/2021 21:38:58,21.02,,
4468,07/22/2021 21:43:58,20.80,,
4469,07/22/2021 21:48:58,20.68,,
4470,07/22/2021 21:53:58,20.46,,
4471,07/22/2021 21:58:58,20.33,,
4472,07/22/2021 22:03:58,20.16,,
4473,07/22/2021 22:08:58,19.95,,
4474,07/22/2021 22:13:58,19.86,,
4475,07/22/2021 22:18:58,19.77,,
4476,07/22/2021 22:23:58,19.60,,
4477,07/22/2021 22:28:58,19.47,,
4478,07/22/2021 22:33:58,19.30,,
4479,07/22/2021 22:38:58,19.17,,
4480,07/22/2021 22:43:58,19.00,,
4481,07/22/2021 22:48:58,18.87,,
4482,07/22/2021 22:53:58,18.79,,
4483,07/22/2021 22:58:58,18.70,,
4484,07/22/2021 23:03:58,18.62,,
4485,07/22/2021 23:08:58,18.40,,
4486,07/22/2021 23:13:58,18.36,,
4487,07/22/2021 23:18:58,18.27,,
4488,07/22/2021 23:23:58,18.14,,
4489,07/22/2021 23:28:58,17.97,,
4490,07/22/2021 23:33:58,18.02,,
4491,07/22/2021 23:38:58,17.93,,
4492,07/22/2021 23:43:58,17.80,,
4493,07/22/2021 23:48:58,17.59,,
4494,07/22/2021 23:53:58,17.50,,
4495,07/22/2021 23:58:58,17.50,,
4496,07/23/2021 00:03:58,17.33,,
4497,07/23/2021 00:08:58,17.37,,
4498,07/23/2021 00:13:58,17.37,,
4499,07/23/2021 00:18:58,17.37,,
4500,07/23/2021 00:23:58,17.33,,
4501,07/23/2021 00:28:58,17.20,,
4502,07/23/2021 00:33:58,17.11,,
4503,07/23/2021 00:38:58,17.03,,
4504,07/23/2021 00:43:58,16.90,,
4505,07/23/2021 00:48:58,16.64,,
4506,07/23/2021 00:53:58,16.64,,
4507,07/23/2021 00:58:58,16.60,,
4508,07/23/2021 01:03:58,16.60,,
4509,07/23/2021 01:08:58,16.39,,
4510,07/23/2021 01:13:58,16.26,,
4511,07/23/2021 01:18:58,16.17,,
4512,07/23/2021 01:23:58,16.04,,
4513,07/23/2021 01:28:58,15.91,,
4514,07/23/2021 01:33:58,15.74,,
4515,07/23/2021 01:38:58,15.70,,
4516,07/23/2021 01:43:58,15.66,,
4517,07/23/2021 01:48:58,15.61,,
4518,07/23/2021 01:53:58,15.48,,
4519,07/23/2021 01:58:58,15.23,,
4520,07/23/2021 02:03:58,15.10,,
4521,07/23/2021 02:08:58,15.18,,
4522,07/23/2021 02:13:58,15.36,,
4523,07/23/2021 02:18:58,15.36,,
4524,07/23/2021 02:23:58,15.23,,
4525,07/23/2021 02:28:58,15.18,,
4526,07/23/2021 02:33:58,15.10,,
4527,07/23/2021 02:38:58,15.01,,
4528,07/23/2021 02:43:58,14.93,,
4529,07/23/2021 02:48:58,14.67,,
4530,07/23/2021 02:53:58,14.58,,
4531,07/23/2021 02:58:58,14.41,,
4532,07/23/2021 03:03:58,14.28,,
4533,07/23/2021 03:08:58,14.28,,
4534,07/23/2021 03:13:58,14.28,,
4535,07/23/2021 03:18:58,14.24,,
4536,07/23/2021 03:23:58,14.15,,
4537,07/23/2021 03:28:58,14.07,,
4538,07/23/2021 03:33:58,14.20,,
4539,07/23/2021 03:38:58,14.15,,
4540,07/23/2021 03:43:58,13.98,,
4541,07/23/2021 03:48:58,13.98,,
4542,07/23/2021 03:53:58,13.94,,
4543,07/23/2021 03:58:58,13.85,,
4544,07/23/2021 04:03:58,13.90,,
4545,07/23/2021 04:08:58,13.81,,
4546,07/23/2021 04:13:58,13.77,,
4547,07/23/2021 04:18:58,13.68,,
4548,07/23/2021 04:23:58,13.68,,
4549,07/23/2021 04:28:58,13.68,,
4550,07/23/2021 04:33:58,13.51,,
4551,07/23/2021 04:38:58,13.43,,
4552,07/23/2021 04:43:58,13.34,,
4553,07/23/2021 04:48:58,13.17,,
4554,07/23/2021 04:53:58,13.04,,
4555,07/23/2021 04:58:58,13.04,,
4556,07/23/2021 05:03:58,13.08,,
4557,07/23/2021 05:08:58,13.00,,
4558,07/23/2021 05:13:58,12.91,,
4559,07/23/2021 05:18:58,12.70,,
4560,07/23/2021 05:23:58,12.65,,
4561,07/23/2021 05:28:58,12.74,,
4562,07/23/2021 05:33:58,12.82,,
4563,07/23/2021 05:38:58,12.78,,
4564,07/23/2021 05:43:58,12.65,,
4565,07/23/2021 05:48:58,12.65,,
4566,07/23/2021 05:53:58,12.74,,
4567,07/23/2021 05:58:58,12.91,,
4568,07/23/2021 06:03:58,12.95,,
4569,07/23/2021 06:08:58,12.95,,
4570,07/23/2021 06:13:58,12.82,,
4571,07/23/2021 06:18:58,12.82,,
4572,07/23/2021 06:23:58,13.00,,
4573,07/23/2021 06:28:58,12.91,,
4574,07/23/2021 06:33:58,12.74,,
4575,07/23/2021 06:38:58,12.95,,
4576,07/23/2021 06:43:58,13.12,,
4577,07/23/2021 06:48:58,13.25,,
4578,07/23/2021 06:53:58,13.43,,
4579,07/23/2021 06:58:58,13.68,,
4580,07/23/2021 07:03:58,13.81,,
4581,07/23/2021 07:08:58,14.07,,
4582,07/23/2021 07:13:58,14.33,,
4583,07/23/2021 07:18:58,14.63,,
4584,07/23/2021 07:23:58,14.88,,
4585,07/23/2021 07:28:58,15.10,,
4586,07/23/2021 07:33:58,15.36,,
4587,07/23/2021 07:38:58,15.78,,
4588,07/23/2021 07:43:58,16.13,,
4589,07/23/2021 07:48:58,16.43,,
4590,07/23/2021 07:53:58,16.73,,
4591,07/23/2021 07:58:58,17.20,,
4592,07/23/2021 08:03:58,17.67,,
4593,07/23/2021 08:08:58,18.02,,
4594,07/23/2021 08:13:58,18.27,,
4595,07/23/2021 08:18:58,18.53,,
4596,07/23/2021 08:23:58,18.70,,
4597,07/23/2021 08:28:58,19.05,,
4598,07/23/2021 08:33:58,19.30,,
4599,07/23/2021 08:38:58,19.47,,
4600,07/23/2021 08:43:58,19.73,,
4601,07/23/2021 08:48:58,20.07,,
4602,07/23/2021 08:53:58,20.55,,
4603,07/23/2021 08:58:58,20.89,,
4604,07/23/2021 09:03:58,21.23,,
4605,07/23/2021 09:08:58,21.88,,
4606,07/23/2021 09:13:58,22.65,,
4607,07/23/2021 09:18:58,22.95,,
4608,07/23/2021 09:23:58,23.25,,
4609,07/23/2021 09:28:58,23.89,,
4610,07/23/2021 09:33:58,24.92,,
4611,07/23/2021 09:38:58,24.79,,
4612,07/23/2021 09:43:58,25.61,,
4613,07/23/2021 09:48:58,26.38,,
4614,07/23/2021 09:53:58,26.81,,
4615,07/23/2021 09:58:58,27.15,,
4616,07/23/2021 10:03:58,26.94,,
4617,07/23/2021 10:08:58,27.97,,
4618,07/23/2021 10:13:58,28.57,,
4619,07/23/2021 10:18:58,29.17,,
4620,07/23/2021 10:23:58,28.83,,
4621,07/23/2021 10:28:58,29.60,,
4622,07/23/2021 10:33:58,30.20,,
4623,07/23/2021 10:38:58,31.01,,
4624,07/23/2021 10:43:58,30.24,,
4625,07/23/2021 10:48:58,30.97,,
4626,07/23/2021 10:53:58,31.61,,
4627,07/23/2021 10:58:58,31.87,,
4628,07/23/2021 11:03:58,32.26,,
4629,07/23/2021 11:08:58,32.86,,
4630,07/23/2021 11:13:58,33.16,,
4631,07/23/2021 11:18:58,32.99,,
4632,07/23/2021 11:23:58,33.46,,
4633,07/23/2021 11:28:58,33.42,,
4634,07/23/2021 11:33:58,33.63,,
4635,07/23/2021 11:38:58,33.46,,
4636,07/23/2021 11:43:58,34.10,,
4637,07/23/2021 11:48:58,34.36,,
4638,07/23/2021 11:53:58,35.26,,
4639,07/23/2021 11:58:58,34.96,,
4640,07/23/2021 12:03:58,34.83,,
4641,07/23/2021 12:08:58,36.25,,
4642,07/23/2021 12:13:58,35.52,,
4643,07/23/2021 12:18:58,36.25,,
4644,07/23/2021 12:23:58,36.63,,
4645,07/23/2021 12:28:58,36.38,,
4646,07/23/2021 12:33:58,35.95,,
4647,07/23/2021 12:38:58,36.59,,
4648,07/23/2021 12:43:58,36.42,,
4649,07/23/2021 12:48:58,36.16,,
4650,07/23/2021 12:53:58,35.26,,
4651,07/23/2021 12:58:58,35.69,,
4652,07/23/2021 13:03:58,35.60,,
4653,07/23/2021 13:08:58,35.90,,
4654,07/23/2021 13:13:58,35.73,,
4655,07/23/2021 13:18:58,35.90,,
4656,07/23/2021 13:23:58,35.86,,
4657,07/23/2021 13:28:58,35.90,,
4658,07/23/2021 13:33:58,36.29,,
4659,07/23/2021 13:38:58,35.99,,
4660,07/23/2021 13:43:58,36.33,,
4661,07/23/2021 13:48:58,36.72,,
4662,07/23/2021 13:53:58,36.93,,
4663,07/23/2021 13:58:58,37.28,,
4664,07/23/2021 14:03:58,37.96,,
4665,07/23/2021 14:08:58,37.71,,
4666,07/23/2021 14:13:58,37.71,,
4667,07/23/2021 14:18:58,38.48,,
4668,07/23/2021 14:23:58,39.51,,
4669,07/23/2021 14:28:58,40.37,,
4670,07/23/2021 14:33:58,40.84,,
4671,07/23/2021 14:38:58,41.18,,
4672,07/23/2021 14:43:58,40.62,,
4673,07/23/2021 14:48:58,41.18,,
4674,07/23/2021 14:53:58,41.78,,
4675,07/23/2021 14:58:58,42.17,,
4676,07/23/2021 15:03:58,43.07,,
4677,07/23/2021 15:08:58,43.37,,
4678,07/23/2021 15:13:58,44.10,,
4679,07/23/2021 15:18:58,43.88,,
4680,07/23/2021 15:23:58,44.40,,
4681,07/23/2021 15:28:58,43.93,,
4682,07/23/2021 15:33:58,44.06,,
4683,07/23/2021 15:38:58,44.87,,
4684,07/23/2021 15:43:58,45.13,,
4685,07/23/2021 15:48:58,45.00,,
4686,07/23/2021 15:53:58,45.73,,
4687,07/23/2021 15:58:58,46.16,,
4688,07/23/2021 16:03:58,45.99,,
4689,07/23/2021 16:08:58,46.20,,
4690,07/23/2021 16:13:58,46.12,,
4691,07/23/2021 16:18:58,45.99,,
4692,07/23/2021 16:23:58,45.81,,
4693,07/23/2021 16:28:58,45.73,,
4694,07/23/2021 16:33:58,45.21,,
4695,07/23/2021 16:38:58,45.51,,
4696,07/23/2021 16:43:58,45.73,,
4697,07/23/2021 16:48:58,45.26,,
4698,07/23/2021 16:53:58,45.00,,
4699,07/23/2021 16:58:58,45.17,,
4700,07/23/2021 17:03:58,44.91,,
4701,07/23/2021 17:08:58,44.70,,
4702,07/23/2021 17:13:58,44.61,,
4703,07/23/2021 17:18:58,44.48,,
4704,07/23/2021 17:23:58,43.97,,
4705,07/23/2021 17:28:58,43.54,,
4706,07/23/2021 17:33:58,42.81,,
4707,07/23/2021 17:38:58,42.60,,
4708,07/23/2021 17:43:58,42.38,,
4709,07/23/2021 17:48:58,42.30,,
4710,07/23/2021 17:53:58,42.43,,
4711,07/23/2021 17:58:58,42.13,,
4712,07/23/2021 18:03:58,41.10,,
4713,07/23/2021 18:08:58,40.97,,
4714,07/23/2021 18:13:58,40.97,,
4715,07/23/2021 18:18:58,40.54,,
4716,07/23/2021 18:23:58,40.24,,
4717,07/23/2021 18:28:58,39.64,,
4718,07/23/2021 18:33:58,39.29,,
4719,07/23/2021 18:38:58,38.99,,
4720,07/23/2021 18:43:58,38.39,,
4721,07/23/2021 18:48:58,38.09,,
4722,07/23/2021 18:53:58,37.88,,
4723,07/23/2021 18:58:58,37.62,,
4724,07/23/2021 19:03:58,37.23,,
4725,07/23/2021 19:08:58,36.81,,
4726,07/23/2021 19:13:58,36.38,,
4727,07/23/2021 19:18:58,35.90,,
4728,07/23/2021 19:23:58,35.35,,
4729,07/23/2021 19:28:58,34.70,,
4730,07/23/2021 19:33:58,34.19,,
4731,07/23/2021 19:38:58,33.76,,
4732,07/23/2021 19:43:58,33.25,,
4733,07/23/2021 19:48:58,32.90,,
4734,07/23/2021 19:53:58,32.82,,
4735,07/23/2021 19:58:58,32.30,,
4736,07/23/2021 20:03:58,31.79,,
4737,07/23/2021 20:08:58,31.10,,
4738,07/23/2021 20:13:58,30.24,,
4739,07/23/2021 20:18:58,29.30,,
4740,07/23/2021 20:23:58,28.70,,
4741,07/23/2021 20:28:58,28.01,,
4742,07/23/2021 20:33:58,27.45,,
4743,07/23/2021 20:38:58,26.98,,
4744,07/23/2021 20:43:58,26.55,,
4745,07/23/2021 20:48:58,26.21,,
4746,07/23/2021 20:53:58,25.69,,
4747,07/23/2021 20:58:58,25.27,,
4748,07/23/2021 21:03:58,24.97,,
4749,07/23/2021 21:08:58,24.71,,
4750,07/23/2021 21:13:58,24.41,,
4751,07/23/2021 21:18:58,24.02,,
4752,07/23/2021 21:23:58,23.68,,
4753,07/23/2021 21:28:58,23.46,,
4754,07/23/2021 21:33:58,23.21,,
4755,07/23/2021 21:38:58,22.99,,
4756,07/23/2021 21:43:58,22.82,,
4757,07/23/2021 21:48:58,22.56,,
4758,07/23/2021 21:53:58,22.39,,
4759,07/23/2021 21:58:58,22.22,,
4760,07/23/2021 22:03:58,22.05,,
4761,07/23/2021 22:08:58,21.88,,
4762,07/23/2021 22:13:58,21.70,,
4763,07/23/2021 22:18:58,21.49,,
4764,07/23/2021 22:23:58,21.28,,
4765,07/23/2021 22:28:58,21.10,,
4766,07/23/2021 22:33:58,20.89,,
4767,07/23/2021 22:38:58,20.89,,
4768,07/23/2021 22:43:58,20.72,,
4769,07/23/2021 22:48:58,20.59,,
4770,07/23/2021 22:53:58,20.59,,
4771,07/23/2021 22:58:58,20.46,,
4772,07/23/2021 23:03:58,20.37,,
4773,07/23/2021 23:08:58,20.29,,
4774,07/23/2021 23:13:58,20.20,,
4775,07/23/2021 23:18:58,20.07,,
4776,07/23/2021 23:23:58,19.95,,
4777,07/23/2021 23:28:58,19.77,,
4778,07/23/2021 23:33:58,19.69,,
4779,07/23/2021 23:38:58,19.60,,
4780,07/23/2021 23:43:58,19.60,,
4781,07/23/2021 23:48:58,19.39,,
4782,07/23/2021 23:53:58,19.35,,
4783,07/23/2021 23:58:58,19.09,,
4784,07/24/2021 00:03:58,19.09,,
4785,07/24/2021 00:08:58,18.92,,
4786,07/24/2021 00:13:58,18.83,,
4787,07/24/2021 00:18:58,18.79,,
4788,07/24/2021 00:23:58,18.66,,
4789,07/24/2021 00:28:58,18.57,,
4790,07/24/2021 00:33:58,18.32,,
4791,07/24/2021 00:38:58,18.14,,
4792,07/24/2021 00:43:58,18.06,,
4793,07/24/2021 00:48:58,17.97,,
4794,07/24/2021 00:53:58,17.97,,
4795,07/24/2021 00:58:58,17.89,,
4796,07/24/2021 01:03:58,17.76,,
4797,07/24/2021 01:08:58,17.72,,
4798,07/24/2021 01:13:58,17.67,,
4799,07/24/2021 01:18:58,17.54,,
4800,07/24/2021 01:23:58,17.54,,
4801,07/24/2021 01:28:58,17.50,,
4802,07/24/2021 01:33:58,17.46,,
4803,07/24/2021 01:38:58,17.41,,
4804,07/24/2021 01:43:58,17.37,,
4805,07/24/2021 01:48:58,17.37,,
4806,07/24/2021 01:53:58,17.29,,
4807,07/24/2021 01:58:58,17.24,,
4808,07/24/2021 02:03:58,17.24,,
4809,07/24/2021 02:08:58,17.24,,
4810,07/24/2021 02:13:58,17.24,,
4811,07/24/2021 02:18:58,17.20,,
4812,07/24/2021 02:23:58,17.11,,
4813,07/24/2021 02:28:58,17.11,,
4814,07/24/2021 02:33:58,17.11,,
4815,07/24/2021 02:38:58,17.07,,
4816,07/24/2021 02:43:58,17.07,,
4817,07/24/2021 02:48:58,17.07,,
4818,07/24/2021 02:53:58,17.03,,
4819,07/24/2021 02:58:58,17.03,,
4820,07/24/2021 03:03:58,17.11,,
4821,07/24/2021 03:08:58,17.11,,
4822,07/24/2021 03:13:58,17.16,,
4823,07/24/2021 03:18:58,17.16,,
4824,07/24/2021 03:23:58,17.11,,
4825,07/24/2021 03:28:58,17.11,,
4826,07/24/2021 03:33:58,17.07,,
4827,07/24/2021 03:38:58,17.07,,
4828,07/24/2021 03:43:58,17.03,,
4829,07/24/2021 03:48:58,17.03,,
4830,07/24/2021 03:53:58,16.99,,
4831,07/24/2021 03:58:58,16.99,,
4832,07/24/2021 04:03:58,16.86,,
4833,07/24/2021 04:08:58,16.81,,
4834,07/24/2021 04:13:58,16.77,,
4835,07/24/2021 04:18:58,16.64,,
4836,07/24/2021 04:23:58,16.56,,
4837,07/24/2021 04:28:58,16.43,,
4838,07/24/2021 04:33:58,16.47,,
4839,07/24/2021 04:38:58,16.43,,
4840,07/24/2021 04:43:58,16.34,,
4841,07/24/2021 04:48:58,16.30,,
4842,07/24/2021 04:53:58,16.34,,
4843,07/24/2021 04:58:58,16.39,,
4844,07/24/2021 05:03:58,16.34,,
4845,07/24/2021 05:08:58,16.26,,
4846,07/24/2021 05:13:58,16.30,,
4847,07/24/2021 05:18:58,16.26,,
4848,07/24/2021 05:23:58,16.21,,
4849,07/24/2021 05:28:58,16.13,,
4850,07/24/2021 05:33:58,16.04,,
4851,07/24/2021 05:38:58,16.08,,
4852,07/24/2021 05:43:58,16.08,,
4853,07/24/2021 05:48:58,16.00,,
4854,07/24/2021 05:53:58,16.04,,
4855,07/24/2021 05:58:58,16.04,,
4856,07/24/2021 06:03:58,16.00,,
4857,07/24/2021 06:08:58,15.91,,
4858,07/24/2021 06:13:58,15.87,,
4859,07/24/2021 06:18:58,16.00,,
4860,07/24/2021 06:23:58,16.04,,
4861,07/24/2021 06:28:58,16.13,,
4862,07/24/2021 06:33:58,16.17,,
4863,07/24/2021 06:38:58,16.17,,
4864,07/24/2021 06:43:58,16.34,,
4865,07/24/2021 06:48:58,16.39,,
4866,07/24/2021 06:53:58,16.39,,
4867,07/24/2021 06:58:58,16.51,,
4868,07/24/2021 07:03:58,16.60,,
4869,07/24/2021 07:08:58,16.64,,
4870,07/24/2021 07:13:58,16.86,,
4871,07/24/2021 07:18:58,16.99,,
4872,07/24/2021 07:23:58,17.16,,
4873,07/24/2021 07:28:58,17.29,,
4874,07/24/2021 07:33:58,17.46,,
4875,07/24/2021 07:38:58,17.59,,
4876,07/24/2021 07:43:58,17.72,,
4877,07/24/2021 07:48:58,17.93,,
4878,07/24/2021 07:53:58,18.27,,
4879,07/24/2021 07:58:58,18.53,,
4880,07/24/2021 08:03:58,18.83,,
4881,07/24/2021 08:08:58,19.17,,
4882,07/24/2021 08:13:58,19.26,,
4883,07/24/2021 08:18:58,19.39,,
4884,07/24/2021 08:23:58,19.77,,
4885,07/24/2021 08:28:58,19.95,,
4886,07/24/2021 08:33:58,20.29,,
4887,07/24/2021 08:38:58,20.55,,
4888,07/24/2021 08:43:58,20.80,,
4889,07/24/2021 08:48:58,21.19,,
4890,07/24/2021 08:53:58,21.88,,
4891,07/24/2021 08:58:58,21.66,,
4892,07/24/2021 09:03:58,22.09,,
4893,07/24/2021 09:08:58,22.69,,
4894,07/24/2021 09:13:58,23.46,,
4895,07/24/2021 09:18:58,23.76,,
4896,07/24/2021 09:23:58,23.51,,
4897,07/24/2021 09:28:58,24.02,,
4898,07/24/2021 09:33:58,24.32,,
4899,07/24/2021 09:38:58,24.36,,
4900,07/24/2021 09:43:58,24.75,,
4901,07/24/2021 09:48:58,25.52,,
4902,07/24/2021 09:53:58,25.69,,
4903,07/24/2021 09:58:58,25.74,,
4904,07/24/2021 10:03:58,26.12,,
4905,07/24/2021 10:08:58,27.50,,
4906,07/24/2021 10:13:58,28.40,,
4907,07/24/2021 10:18:58,28.87,,
4908,07/24/2021 10:23:58,28.87,,
4909,07/24/2021 10:28:58,29.21,,
4910,07/24/2021 10:33:58,29.13,,
4911,07/24/2021 10:38:58,29.21,,
4912,07/24/2021 10:43:58,29.51,,
4913,07/24/2021 10:48:58,29.51,,
4914,07/24/2021 10:53:58,30.07,,
4915,07/24/2021 10:58:58,31.19,,
4916,07/24/2021 11:03:58,31.23,,
4917,07/24/2021 11:08:58,31.74,,
4918,07/24/2021 11:13:58,33.25,,
4919,07/24/2021 11:18:58,32.26,,
4920,07/24/2021 11:23:58,32.04,,
4921,07/24/2021 11:28:58,32.04,,
4922,07/24/2021 11:33:58,32.64,,
4923,07/24/2021 11:38:58,33.12,,
4924,07/24/2021 11:43:58,33.72,,
4925,07/24/2021 11:48:58,33.85,,
4926,07/24/2021 11:53:58,33.67,,
4927,07/24/2021 11:58:58,34.23,,
4928,07/24/2021 12:03:58,34.32,,
4929,07/24/2021 12:08:58,35.65,,
4930,07/24/2021 12:13:58,36.21,,
4931,07/24/2021 12:18:58,35.65,,
4932,07/24/2021 12:23:58,35.13,,
4933,07/24/2021 12:28:58,34.66,,
4934,07/24/2021 12:33:58,34.32,,
4935,07/24/2021 12:38:58,35.00,,
4936,07/24/2021 12:43:58,34.96,,
4937,07/24/2021 12:48:58,34.92,,
4938,07/24/2021 12:53:58,35.13,,
4939,07/24/2021 12:58:58,35.73,,
4940,07/24/2021 13:03:58,35.69,,
4941,07/24/2021 13:08:58,35.26,,
4942,07/24/2021 13:13:58,34.96,,
4943,07/24/2021 13:18:58,35.30,,
4944,07/24/2021 13:23:58,35.26,,
4945,07/24/2021 13:28:58,35.65,,
4946,07/24/2021 13:33:58,35.86,,
4947,07/24/2021 13:38:58,36.21,,
4948,07/24/2021 13:43:58,36.55,,
4949,07/24/2021 13:48:58,36.76,,
4950,07/24/2021 13:53:58,36.55,,
4951,07/24/2021 13:58:58,36.42,,
4952,07/24/2021 14:03:58,36.72,,
4953,07/24/2021 14:08:58,37.23,,
4954,07/24/2021 14:13:58,38.05,,
4955,07/24/2021 14:18:58,38.44,,
4956,07/24/2021 14:23:58,38.82,,
4957,07/24/2021 14:28:58,39.81,,
4958,07/24/2021 14:33:58,39.64,,
4959,07/24/2021 14:38:58,39.25,,
4960,07/24/2021 14:43:58,40.15,,
4961,07/24/2021 14:48:58,41.10,,
4962,07/24/2021 14:53:58,41.95,,
4963,07/24/2021 14:58:58,41.70,,
4964,07/24/2021 15:03:58,42.73,,
4965,07/24/2021 15:08:58,43.37,,
4966,07/24/2021 15:13:58,43.63,,
4967,07/24/2021 15:18:58,43.37,,
4968,07/24/2021 15:23:58,44.70,,
4969,07/24/2021 15:28:58,44.18,,
4970,07/24/2021 15:33:58,43.76,,
4971,07/24/2021 15:38:58,44.61,,
4972,07/24/2021 15:43:58,45.39,,
4973,07/24/2021 15:48:58,44.74,,
4974,07/24/2021 15:53:58,45.13,,
4975,07/24/2021 15:58:58,45.47,,
4976,07/24/2021 16:03:58,44.83,,
4977,07/24/2021 16:08:58,45.34,,
4978,07/24/2021 16:13:58,45.21,,
4979,07/24/2021 16:18:58,45.39,,
4980,07/24/2021 16:23:58,45.56,,
4981,07/24/2021 16:28:58,45.09,,
4982,07/24/2021 16:33:58,45.09,,
4983,07/24/2021 16:38:58,44.23,,
4984,07/24/2021 16:43:58,43.76,,
4985,07/24/2021 16:48:58,43.93,,
4986,07/24/2021 16:53:58,43.88,,
4987,07/24/2021 16:58:58,43.46,,
4988,07/24/2021 17:03:58,43.71,,
4989,07/24/2021 17:08:58,42.94,,
4990,07/24/2021 17:13:58,43.16,,
4991,07/24/2021 17:18:58,42.77,,
4992,07/24/2021 17:23:58,42.81,,
4993,07/24/2021 17:28:58,42.64,,
4994,07/24/2021 17:33:58,42.38,,
4995,07/24/2021 17:38:58,42.21,,
4996,07/24/2021 17:43:58,42.08,,
4997,07/24/2021 17:48:58,41.52,,
4998,07/24/2021 17:53:58,41.18,,
4999,07/24/2021 17:58:58,41.10,,
5000,07/24/2021 18:03:58,40.71,,
5001,07/24/2021 18:08:58,40.50,,
5002,07/24/2021 18:13:58,40.37,,
5003,07/24/2021 18:18:58,39.68,,
5004,07/24/2021 18:23:58,39.29,,
5005,07/24/2021 18:28:58,38.31,,
5006,07/24/2021 18:33:58,38.05,,
5007,07/24/2021 18:38:58,37.75,,
5008,07/24/2021 18:43:58,37.28,,
5009,07/24/2021 18:48:58,36.76,,
5010,07/24/2021 18:53:58,36.55,,
5011,07/24/2021 18:58:58,36.21,,
5012,07/24/2021 19:03:58,35.43,,
5013,07/24/2021 19:08:58,35.13,,
5014,07/24/2021 19:13:58,34.57,,
5015,07/24/2021 19:18:58,34.10,,
5016,07/24/2021 19:23:58,33.76,,
5017,07/24/2021 19:28:58,33.20,,
5018,07/24/2021 19:33:58,32.69,,
5019,07/24/2021 19:38:58,32.22,,
5020,07/24/2021 19:43:58,31.74,,
5021,07/24/2021 19:48:58,31.27,,
5022,07/24/2021 19:53:58,31.14,,
5023,07/24/2021 19:58:58,30.63,,
5024,07/24/2021 20:03:58,30.37,,
5025,07/24/2021 20:08:58,30.03,,
5026,07/24/2021 20:13:58,29.68,,
5027,07/24/2021 20:18:58,29.13,,
5028,07/24/2021 20:23:58,28.57,,
5029,07/24/2021 20:28:58,28.14,,
5030,07/24/2021 20:33:58,27.75,,
5031,07/24/2021 20:38:58,27.45,,
5032,07/24/2021 20:43:58,27.20,,
5033,07/24/2021 20:48:58,26.81,,
5034,07/24/2021 20:53:58,26.55,,
5035,07/24/2021 20:58:58,26.38,,
5036,07/24/2021 21:03:58,26.04,,
5037,07/24/2021 21:08:58,25.69,,
5038,07/24/2021 21:13:58,25.39,,
5039,07/24/2021 21:18:58,25.14,,
5040,07/24/2021 21:23:58,24.88,,
5041,07/24/2021 21:28:58,24.84,,
5042,07/24/2021 21:33:58,24.62,,
5043,07/24/2021 21:38:58,24.32,,
5044,07/24/2021 21:43:58,23.98,,
5045,07/24/2021 21:48:58,23.81,,
5046,07/24/2021 21:53:58,23.64,,
5047,07/24/2021 21:58:58,23.42,,
5048,07/24/2021 22:03:58,23.25,,
5049,07/24/2021 22:08:58,23.12,,
5050,07/24/2021 22:13:58,22.99,,
5051,07/24/2021 22:18:58,22.61,,
5052,07/24/2021 22:23:58,22.31,,
5053,07/24/2021 22:28:58,22.13,,
5054,07/24/2021 22:33:58,22.05,,
5055,07/24/2021 22:38:58,21.92,,
5056,07/24/2021 22:43:58,21.79,,
5057,07/24/2021 22:48:58,21.66,,
5058,07/24/2021 22:53:58,21.53,,
5059,07/24/2021 22:58:58,21.45,,
5060,07/24/2021 23:03:58,21.23,,
5061,07/24/2021 23:08:58,21.02,,
5062,07/24/2021 23:13:58,20.89,,
5063,07/24/2021 23:18:58,20.80,,
5064,07/24/2021 23:23:58,20.63,,
5065,07/24/2021 23:28:58,20.50,,
5066,07/24/2021 23:33:58,20.33,,
5067,07/24/2021 23:38:58,20.16,,
5068,07/24/2021 23:43:58,20.12,,
5069,07/24/2021 23:48:58,19.99,,
5070,07/24/2021 23:53:58,19.82,,
5071,07/24/2021 23:58:58,19.65,,
5072,07/25/2021 00:03:58,19.56,,
5073,07/25/2021 00:08:58,19.47,,
5074,07/25/2021 00:13:58,19.43,,
5075,07/25/2021 00:18:58,19.39,,
5076,07/25/2021 00:23:58,19.35,,
5077,07/25/2021 00:28:58,19.35,,
5078,07/25/2021 00:33:58,19.26,,
5079,07/25/2021 00:38:58,19.26,,
5080,07/25/2021 00:43:58,19.17,,
5081,07/25/2021 00:48:58,19.13,,
5082,07/25/2021 00:53:58,19.09,,
5083,07/25/2021 00:58:58,18.92,,
5084,07/25/2021 01:03:58,18.87,,
5085,07/25/2021 01:08:58,18.74,,
5086,07/25/2021 01:13:58,18.70,,
5087,07/25/2021 01:18:58,18.70,,
5088,07/25/2021 01:23:58,18.57,,
5089,07/25/2021 01:28:58,18.57,,
5090,07/25/2021 01:33:58,18.53,,
5091,07/25/2021 01:38:58,18.49,,
5092,07/25/2021 01:43:58,18.53,,
5093,07/25/2021 01:48:58,18.49,,
5094,07/25/2021 01:53:58,18.49,,
5095,07/25/2021 01:58:58,18.49,,
5096,07/25/2021 02:03:58,18.49,,
5097,07/25/2021 02:08:58,18.49,,
5098,07/25/2021 02:13:58,18.53,,
5099,07/25/2021 02:18:58,18.40,,
5100,07/25/2021 02:23:58,18.49,,
5101,07/25/2021 02:28:58,18.36,,
5102,07/25/2021 02:33:58,18.36,,
5103,07/25/2021 02:38:58,18.36,,
5104,07/25/2021 02:43:58,18.27,,
5105,07/25/2021 02:48:58,18.14,,
5106,07/25/2021 02:53:58,18.10,,
5107,07/25/2021 02:58:58,17.97,,
5108,07/25/2021 03:03:58,17.97,,
5109,07/25/2021 03:08:58,17.93,,
5110,07/25/2021 03:13:58,17.84,,
5111,07/25/2021 03:18:58,17.76,,
5112,07/25/2021 03:23:58,17.72,,
5113,07/25/2021 03:28:58,17.59,,
5114,07/25/2021 03:33:58,17.54,,
5115,07/25/2021 03:38:58,17.54,,
5116,07/25/2021 03:43:58,17.46,,
5117,07/25/2021 03:48:58,17.46,,
5118,07/25/2021 03:53:58,17.33,,
5119,07/25/2021 03:58:58,17.24,,
5120,07/25/2021 04:03:58,17.07,,
5121,07/25/2021 04:08:58,16.94,,
5122,07/25/2021 04:13:58,16.81,,
5123,07/25/2021 04:18:58,16.73,,
5124,07/25/2021 04:23:58,16.69,,
5125,07/25/2021 04:28:58,16.60,,
5126,07/25/2021 04:33:58,16.47,,
5127,07/25/2021 04:38:58,16.47,,
5128,07/25/2021 04:43:58,16.47,,
5129,07/25/2021 04:48:58,16.34,,
5130,07/25/2021 04:53:58,16.39,,
5131,07/25/2021 04:58:58,16.30,,
5132,07/25/2021 05:03:58,16.26,,
5133,07/25/2021 05:08:58,16.17,,
5134,07/25/2021 05:13:58,16.17,,
5135,07/25/2021 05:18:58,16.13,,
5136,07/25/2021 05:23:58,16.13,,
5137,07/25/2021 05:28:58,16.04,,
5138,07/25/2021 05:33:58,15.96,,
5139,07/25/2021 05:38:58,15.91,,
5140,07/25/2021 05:43:58,15.91,,
5141,07/25/2021 05:48:58,15.91,,
5142,07/25/2021 05:53:58,15.87,,
5143,07/25/2021 05:58:58,15.87,,
5144,07/25/2021 06:03:58,15.87,,
5145,07/25/2021 06:08:58,15.83,,
5146,07/25/2021 06:13:58,15.83,,
5147,07/25/2021 06:18:58,15.91,,
5148,07/25/2021 06:23:58,15.91,,
5149,07/25/2021 06:28:58,15.96,,
5150,07/25/2021 06:33:58,16.00,,
5151,07/25/2021 06:38:58,16.04,,
5152,07/25/2021 06:43:58,16.21,,
5153,07/25/2021 06:48:58,16.30,,
5154,07/25/2021 06:53:58,16.39,,
5155,07/25/2021 06:58:58,16.51,,
5156,07/25/2021 07:03:58,16.64,,
5157,07/25/2021 07:08:58,16.69,,
5158,07/25/2021 07:13:58,16.77,,
5159,07/25/2021 07:18:58,16.90,,
5160,07/25/2021 07:23:58,17.03,,
5161,07/25/2021 07:28:58,17.24,,
5162,07/25/2021 07:33:58,17.33,,
5163,07/25/2021 07:38:58,17.59,,
5164,07/25/2021 07:43:58,17.80,,
5165,07/25/2021 07:48:58,17.89,,
5166,07/25/2021 07:53:58,18.10,,
5167,07/25/2021 07:58:58,18.49,,
5168,07/25/2021 08:03:58,18.53,,
5169,07/25/2021 08:08:58,19.09,,
5170,07/25/2021 08:13:58,19.17,,
5171,07/25/2021 08:18:58,19.35,,
5172,07/25/2021 08:23:58,19.86,,
5173,07/25/2021 08:28:58,19.69,,
5174,07/25/2021 08:33:58,19.86,,
5175,07/25/2021 08:38:58,20.07,,
5176,07/25/2021 08:43:58,20.29,,
5177,07/25/2021 08:48:58,20.46,,
5178,07/25/2021 08:53:58,21.06,,
5179,07/25/2021 08:58:58,21.49,,
5180,07/25/2021 09:03:58,22.22,,
5181,07/25/2021 09:08:58,22.18,,
5182,07/25/2021 09:13:58,22.78,,
5183,07/25/2021 09:18:58,23.16,,
5184,07/25/2021 09:23:58,23.81,,
5185,07/25/2021 09:28:58,24.66,,
5186,07/25/2021 09:33:58,24.49,,
5187,07/25/2021 09:38:58,24.62,,
5188,07/25/2021 09:43:58,25.27,,
5189,07/25/2021 09:48:58,25.99,,
5190,07/25/2021 09:53:58,26.04,,
5191,07/25/2021 09:58:58,26.17,,
5192,07/25/2021 10:03:58,26.51,,
5193,07/25/2021 10:08:58,27.24,,
5194,07/25/2021 10:13:58,28.18,,
5195,07/25/2021 10:18:58,28.27,,
5196,07/25/2021 10:23:58,28.83,,
5197,07/25/2021 10:28:58,29.68,,
5198,07/25/2021 10:33:58,29.13,,
5199,07/25/2021 10:38:58,28.95,,
5200,07/25/2021 10:43:58,29.21,,
5201,07/25/2021 10:48:58,29.81,,
5202,07/25/2021 10:53:58,30.46,,
5203,07/25/2021 10:58:58,30.76,,
5204,07/25/2021 11:03:58,30.93,,
5205,07/25/2021 11:08:58,31.79,,
5206,07/25/2021 11:13:58,32.43,,
5207,07/25/2021 11:18:58,33.89,,
5208,07/25/2021 11:23:58,33.89,,
5209,07/25/2021 11:28:58,34.06,,
5210,07/25/2021 11:33:58,34.49,,
5211,07/25/2021 11:38:58,35.30,,
5212,07/25/2021 11:43:58,34.79,,
5213,07/25/2021 11:48:58,35.00,,
5214,07/25/2021 11:53:58,35.60,,
5215,07/25/2021 11:58:58,35.26,,
5216,07/25/2021 12:03:58,35.60,,
5217,07/25/2021 12:08:58,36.81,,
5218,07/25/2021 12:13:58,36.42,,
5219,07/25/2021 12:18:58,36.03,,
5220,07/25/2021 12:23:58,36.16,,
5221,07/25/2021 12:28:58,35.73,,
5222,07/25/2021 12:33:58,34.92,,
5223,07/25/2021 12:38:58,35.22,,
5224,07/25/2021 12:43:58,34.45,,
5225,07/25/2021 12:48:58,34.32,,
5226,07/25/2021 12:53:58,34.49,,
5227,07/25/2021 12:58:58,34.53,,
5228,07/25/2021 13:03:58,34.23,,
5229,07/25/2021 13:08:58,34.83,,
5230,07/25/2021 13:13:58,35.39,,
5231,07/25/2021 13:18:58,35.18,,
5232,07/25/2021 13:23:58,35.35,,
5233,07/25/2021 13:28:58,35.69,,
5234,07/25/2021 13:33:58,36.12,,
5235,07/25/2021 13:38:58,36.55,,
5236,07/25/2021 13:43:58,36.72,,
5237,07/25/2021 13:48:58,37.06,,
5238,07/25/2021 13:53:58,37.41,,
5239,07/25/2021 13:58:58,37.92,,
5240,07/25/2021 14:03:58,38.18,,
5241,07/25/2021 14:08:58,38.48,,
5242,07/25/2021 14:13:58,38.95,,
5243,07/25/2021 14:18:58,38.91,,
5244,07/25/2021 14:23:58,39.12,,
5245,07/25/2021 14:28:58,39.98,,
5246,07/25/2021 14:33:58,40.24,,
5247,07/25/2021 14:38:58,39.85,,
5248,07/25/2021 14:43:58,39.77,,
5249,07/25/2021 14:48:58,40.58,,
5250,07/25/2021 14:53:58,41.57,,
5251,07/25/2021 14:58:58,41.87,,
5252,07/25/2021 15:03:58,42.38,,
5253,07/25/2021 15:08:58,42.85,,
5254,07/25/2021 15:13:58,43.24,,
5255,07/25/2021 15:18:58,44.14,,
5256,07/25/2021 15:23:58,44.57,,
5257,07/25/2021 15:28:58,44.40,,
5258,07/25/2021 15:33:58,44.36,,
5259,07/25/2021 15:38:58,44.61,,
5260,07/25/2021 15:43:58,44.79,,
5261,07/25/2021 15:48:58,44.70,,
5262,07/25/2021 15:53:58,45.26,,
5263,07/25/2021 15:58:58,44.74,,
5264,07/25/2021 16:03:58,45.09,,
5265,07/25/2021 16:08:58,44.40,,
5266,07/25/2021 16:13:58,44.40,,
5267,07/25/2021 16:18:58,44.66,,
5268,07/25/2021 16:23:58,45.04,,
5269,07/25/2021 16:28:58,44.40,,
5270,07/25/2021 16:33:58,44.36,,
5271,07/25/2021 16:38:58,44.40,,
5272,07/25/2021 16:43:58,44.36,,
5273,07/25/2021 16:48:58,44.14,,
5274,07/25/2021 16:53:58,44.23,,
5275,07/25/2021 16:58:58,43.67,,
5276,07/25/2021 17:03:58,43.37,,
5277,07/25/2021 17:08:58,43.37,,
5278,07/25/2021 17:13:58,42.85,,
5279,07/25/2021 17:18:58,42.73,,
5280,07/25/2021 17:23:58,42.00,,
5281,07/25/2021 17:28:58,41.61,,
5282,07/25/2021 17:33:58,39.98,,
5283,07/25/2021 17:38:58,39.81,,
5284,07/25/2021 17:43:58,40.54,,
5285,07/25/2021 17:48:58,40.45,,
5286,07/25/2021 17:53:58,40.62,,
5287,07/25/2021 17:58:58,40.45,,
5288,07/25/2021 18:03:58,39.38,,
5289,07/25/2021 18:08:58,37.71,,
5290,07/25/2021 18:13:58,35.90,,
5291,07/25/2021 18:18:58,35.43,,
5292,07/25/2021 18:23:58,34.66,,
5293,07/25/2021 18:28:58,34.15,,
5294,07/25/2021 18:33:58,34.32,,
5295,07/25/2021 18:38:58,34.02,,
5296,07/25/2021 18:43:58,33.80,,
5297,07/25/2021 18:48:58,34.02,,
5298,07/25/2021 18:53:58,34.06,,
5299,07/25/2021 18:58:58,33.33,,
5300,07/25/2021 19:03:58,32.73,,
5301,07/25/2021 19:08:58,32.64,,
5302,07/25/2021 19:13:58,32.52,,
5303,07/25/2021 19:18:58,32.73,,
5304,07/25/2021 19:23:58,32.77,,
5305,07/25/2021 19:28:58,32.64,,
5306,07/25/2021 19:33:58,32.43,,
5307,07/25/2021 19:38:58,32.22,,
5308,07/25/2021 19:43:58,32.00,,
5309,07/25/2021 19:48:58,31.83,,
5310,07/25/2021 19:53:58,31.36,,
5311,07/25/2021 19:58:58,30.97,,
5312,07/25/2021 20:03:58,30.50,,
5313,07/25/2021 20:08:58,29.90,,
5314,07/25/2021 20:13:58,29.13,,
5315,07/25/2021 20:18:58,28.61,,
5316,07/25/2021 20:23:58,28.18,,
5317,07/25/2021 20:28:58,27.97,,
5318,07/25/2021 20:33:58,27.58,,
5319,07/25/2021 20:38:58,27.24,,
5320,07/25/2021 20:43:58,27.11,,
5321,07/25/2021 20:48:58,26.81,,
5322,07/25/2021 20:53:58,26.51,,
5323,07/25/2021 20:58:58,26.17,,
5324,07/25/2021 21:03:58,25.82,,
5325,07/25/2021 21:08:58,25.61,,
5326,07/25/2021 21:13:58,25.27,,
5327,07/25/2021 21:18:58,25.18,,
5328,07/25/2021 21:23:58,24.97,,
5329,07/25/2021 21:28:58,24.66,,
5330,07/25/2021 21:33:58,24.58,,
5331,07/25/2021 21:38:58,24.41,,
5332,07/25/2021 21:43:58,24.19,,
5333,07/25/2021 21:48:58,23.94,,
5334,07/25/2021 21:53:58,23.76,,
5335,07/25/2021 21:58:58,23.64,,
5336,07/25/2021 22:03:58,23.51,,
5337,07/25/2021 22:08:58,23.25,,
5338,07/25/2021 22:13:58,23.03,,
5339,07/25/2021 22:18:58,22.95,,
5340,07/25/2021 22:23:58,22.69,,
5341,07/25/2021 22:28:58,22.52,,
5342,07/25/2021 22:33:58,22.26,,
5343,07/25/2021 22:38:58,22.13,,
5344,07/25/2021 22:43:58,21.92,,
5345,07/25/2021 22:48:58,21.70,,
5346,07/25/2021 22:53:58,21.53,,
5347,07/25/2021 22:58:58,21.40,,
5348,07/25/2021 23:03:58,21.23,,
5349,07/25/2021 23:08:58,21.10,,
5350,07/25/2021 23:13:58,21.02,,
5351,07/25/2021 23:18:58,20.85,,
5352,07/25/2021 23:23:58,20.76,,
5353,07/25/2021 23:28:58,20.50,,
5354,07/25/2021 23:33:58,20.37,,
5355,07/25/2021 23:38:58,20.25,,
5356,07/25/2021 23:43:58,20.07,,
5357,07/25/2021 23:48:58,20.03,,
5358,07/25/2021 23:53:58,19.90,,
5359,07/25/2021 23:58:58,19.82,,
5360,07/26/2021 00:03:58,19.73,,
5361,07/26/2021 00:08:58,19.60,,
5362,07/26/2021 00:13:58,19.52,,
5363,07/26/2021 00:18:58,19.52,,
5364,07/26/2021 00:23:58,19.43,,
5365,07/26/2021 00:28:58,19.30,,
5366,07/26/2021 00:33:58,19.26,,
5367,07/26/2021 00:38:58,19.13,,
5368,07/26/2021 00:43:58,19.09,,
5369,07/26/2021 00:48:58,18.96,,
5370,07/26/2021 00:53:58,18.96,,
5371,07/26/2021 00:58:58,18.87,,
5372,07/26/2021 01:03:58,18.79,,
5373,07/26/2021 01:08:58,18.66,,
5374,07/26/2021 01:13:58,18.53,,
5375,07/26/2021 01:18:58,18.44,,
5376,07/26/2021 01:23:58,18.40,,
5377,07/26/2021 01:28:58,18.32,,
5378,07/26/2021 01:33:58,18.32,,
5379,07/26/2021 01:38:58,18.27,,
5380,07/26/2021 01:43:58,18.14,,
5381,07/26/2021 01:48:58,18.19,,
5382,07/26/2021 01:53:58,18.10,,
5383,07/26/2021 01:58:58,17.97,,
5384,07/26/2021 02:03:58,17.89,,
5385,07/26/2021 02:08:58,17.84,,
5386,07/26/2021 02:13:58,17.80,,
5387,07/26/2021 02:18:58,17.72,,
5388,07/26/2021 02:23:58,17.67,,
5389,07/26/2021 02:28:58,17.63,,
5390,07/26/2021 02:33:58,17.50,,
5391,07/26/2021 02:38:58,17.54,,
5392,07/26/2021 02:43:58,17.50,,
5393,07/26/2021 02:48:58,17.41,,
5394,07/26/2021 02:53:58,17.33,,
5395,07/26/2021 02:58:58,17.33,,
5396,07/26/2021 03:03:58,17.29,,
5397,07/26/2021 03:08:58,17.24,,
5398,07/26/2021 03:13:58,17.16,,
5399,07/26/2021 03:18:58,17.20,,
5400,07/26/2021 03:23:58,17.16,,
5401,07/26/2021 03:28:58,17.20,,
5402,07/26/2021 03:33:58,17.20,,
5403,07/26/2021 03:38:58,17.11,,
5404,07/26/2021 03:43:58,16.99,,
5405,07/26/2021 03:48:58,16.94,,
5406,07/26/2021 03:53:58,16.86,,
5407,07/26/2021 03:58:58,16.77,,
5408,07/26/2021 04:03:58,16.73,,
5409,07/26/2021 04:08:58,16.73,,
5410,07/26/2021 04:13:58,16.69,,
5411,07/26/2021 04:18:58,16.64,,
5412,07/26/2021 04:23:58,16.56,,
5413,07/26/2021 04:28:58,16.56,,
5414,07/26/2021 04:33:58,16.60,,
5415,07/26/2021 04:38:58,16.51,,
5416,07/26/2021 04:43:58,16.43,,
5417,07/26/2021 04:48:58,16.43,,
5418,07/26/2021 04:53:58,16.39,,
5419,07/26/2021 04:58:58,16.39,,
5420,07/26/2021 05:03:58,16.30,,
5421,07/26/2021 05:08:58,16.21,,
5422,07/26/2021 05:13:58,16.17,,
5423,07/26/2021 05:18:58,16.08,,
5424,07/26/2021 05:23:58,16.13,,
5425,07/26/2021 05:28:58,16.08,,
5426,07/26/2021 05:33:58,16.04,,
5427,07/26/2021 05:38:58,16.00,,
5428,07/26/2021 05:43:58,16.04,,
5429,07/26/2021 05:48:58,15.87,,
5430,07/26/2021 05:53:58,15.83,,
5431,07/26/2021 05:58:58,15.78,,
5432,07/26/2021 06:03:58,15.74,,
5433,07/26/2021 06:08:58,15.70,,
5434,07/26/2021 06:13:58,15.70,,
5435,07/26/2021 06:18:58,15.66,,
5436,07/26/2021 06:23:58,15.61,,
5437,07/26/2021 06:28:58,15.61,,
5438,07/26/2021 06:33:58,15.70,,
5439,07/26/2021 06:38:58,15.74,,
5440,07/26/2021 06:43:58,15.91,,
5441,07/26/2021 06:48:58,15.96,,
5442,07/26/2021 06:53:58,16.04,,
5443,07/26/2021 06:58:58,16.17,,
5444,07/26/2021 07:03:58,16.34,,
5445,07/26/2021 07:08:58,16.47,,
5446,07/26/2021 07:13:58,16.64,,
5447,07/26/2021 07:18:58,16.86,,
5448,07/26/2021 07:23:58,16.94,,
5449,07/26/2021 07:28:58,17.11,,
5450,07/26/2021 07:33:58,17.33,,
5451,07/26/2021 07:38:58,17.54,,
5452,07/26/2021 07:43:58,17.80,,
5453,07/26/2021 07:48:58,17.97,,
5454,07/26/2021 07:53:58,17.89,,
5455,07/26/2021 07:58:58,17.89,,
5456,07/26/2021 08:03:58,18.23,,
5457,07/26/2021 08:08:58,18.66,,
5458,07/26/2021 08:13:58,18.79,,
5459,07/26/2021 08:18:58,19.00,,
5460,07/26/2021 08:23:58,19.22,,
5461,07/26/2021 08:28:58,19.26,,
5462,07/26/2021 08:33:58,19.47,,
5463,07/26/2021 08:38:58,19.77,,
5464,07/26/2021 08:43:58,20.20,,
5465,07/26/2021 08:48:58,20.63,,
5466,07/26/2021 08:53:58,20.80,,
5467,07/26/2021 08:58:58,21.06,,
5468,07/26/2021 09:03:58,21.15,,
5469,07/26/2021 09:08:58,21.40,,
5470,07/26/2021 09:13:58,21.62,,
5471,07/26/2021 09:18:58,21.92,,
5472,07/26/2021 09:23:58,22.35,,
5473,07/26/2021 09:28:58,22.65,,
5474,07/26/2021 09:33:58,22.78,,
5475,07/26/2021 09:38:58,23.08,,
5476,07/26/2021 09:43:58,23.29,,
5477,07/26/2021 09:48:58,23.42,,
5478,07/26/2021 09:53:58,24.06,,
5479,07/26/2021 09:58:58,24.66,,
5480,07/26/2021 10:03:58,24.97,,
5481,07/26/2021 10:08:58,25.39,,
5482,07/26/2021 10:13:58,25.82,,
5483,07/26/2021 10:18:58,25.99,,
5484,07/26/2021 10:23:58,26.30,,
5485,07/26/2021 10:28:58,26.17,,
5486,07/26/2021 10:33:58,26.42,,
5487,07/26/2021 10:38:58,26.60,,
5488,07/26/2021 10:43:58,26.85,,
5489,07/26/2021 10:48:58,27.24,,
5490,07/26/2021 10:53:58,27.58,,
5491,07/26/2021 10:58:58,28.01,,
5492,07/26/2021 11:03:58,28.65,,
5493,07/26/2021 11:08:58,28.61,,
5494,07/26/2021 11:13:58,29.43,,
5495,07/26/2021 11:18:58,29.51,,
5496,07/26/2021 11:23:58,29.73,,
5497,07/26/2021 11:28:58,29.77,,
5498,07/26/2021 11:33:58,30.54,,
5499,07/26/2021 11:38:58,31.53,,
5500,07/26/2021 11:43:58,32.39,,
5501,07/26/2021 11:48:58,32.86,,
5502,07/26/2021 11:53:58,33.12,,
5503,07/26/2021 11:58:58,33.97,,
5504,07/26/2021 12:03:58,33.76,,
5505,07/26/2021 12:08:58,33.55,,
5506,07/26/2021 12:13:58,33.12,,
5507,07/26/2021 12:18:58,33.07,,
5508,07/26/2021 12:23:58,32.30,,
5509,07/26/2021 12:28:58,32.22,,
5510,07/26/2021 12:33:58,32.22,,
5511,07/26/2021 12:38:58,31.57,,
5512,07/26/2021 12:43:58,31.79,,
5513,07/26/2021 12:48:58,31.27,,
5514,07/26/2021 12:53:58,30.80,,
5515,07/26/2021 12:58:58,30.50,,
5516,07/26/2021 13:03:58,30.41,,
5517,07/26/2021 13:08:58,30.16,,
5518,07/26/2021 13:13:58,29.81,,
5519,07/26/2021 13:18:58,29.94,,
5520,07/26/2021 13:23:58,30.20,,
5521,07/26/2021 13:28:58,30.67,,
5522,07/26/2021 13:33:58,31.40,,
5523,07/26/2021 13:38:58,32.17,,
5524,07/26/2021 13:43:58,33.46,,
5525,07/26/2021 13:48:58,33.42,,
5526,07/26/2021 13:53:58,33.93,,
5527,07/26/2021 13:58:58,33.97,,
5528,07/26/2021 14:03:58,33.46,,
5529,07/26/2021 14:08:58,33.55,,
5530,07/26/2021 14:13:58,34.32,,
5531,07/26/2021 14:18:58,34.27,,
5532,07/26/2021 14:23:58,33.93,,
5533,07/26/2021 14:28:58,34.15,,
5534,07/26/2021 14:33:58,33.59,,
5535,07/26/2021 14:38:58,34.06,,
5536,07/26/2021 14:43:58,33.76,,
5537,07/26/2021 14:48:58,33.25,,
5538,07/26/2021 14:53:58,33.89,,
5539,07/26/2021 14:58:58,34.70,,
5540,07/26/2021 15:03:58,34.70,,
5541,07/26/2021 15:08:58,34.70,,
5542,07/26/2021 15:13:58,35.86,,
5543,07/26/2021 15:18:58,36.42,,
5544,07/26/2021 15:23:58,36.21,,
5545,07/26/2021 15:28:58,36.51,,
5546,07/26/2021 15:33:58,35.48,,
5547,07/26/2021 15:38:58,35.60,,
5548,07/26/2021 15:43:58,34.45,,
5549,07/26/2021 15:48:58,34.49,,
5550,07/26/2021 15:53:58,35.18,,
5551,07/26/2021 15:58:58,35.52,,
5552,07/26/2021 16:03:58,35.86,,
5553,07/26/2021 16:08:58,35.48,,
5554,07/26/2021 16:13:58,35.39,,
5555,07/26/2021 16:18:58,35.00,,
5556,07/26/2021 16:23:58,35.22,,
5557,07/26/2021 16:28:58,35.30,,
5558,07/26/2021 16:33:58,34.62,,
5559,07/26/2021 16:38:58,34.57,,
5560,07/26/2021 16:43:58,34.79,,
5561,07/26/2021 16:48:58,34.36,,
5562,07/26/2021 16:53:58,34.15,,
5563,07/26/2021 16:58:58,34.27,,
5564,07/26/2021 17:03:58,34.10,,
5565,07/26/2021 17:08:58,33.55,,
5566,07/26/2021 17:13:58,33.55,,
5567,07/26/2021 17:18:58,33.20,,
5568,07/26/2021 17:23:58,33.33,,
5569,07/26/2021 17:28:58,33.25,,
5570,07/26/2021 17:33:58,32.69,,
5571,07/26/2021 17:38:58,32.82,,
5572,07/26/2021 17:43:58,32.43,,
5573,07/26/2021 17:48:58,31.70,,
5574,07/26/2021 17:53:58,31.36,,
5575,07/26/2021 17:58:58,30.97,,
5576,07/26/2021 18:03:58,31.06,,
5577,07/26/2021 18:08:58,30.80,,
5578,07/26/2021 18:13:58,31.06,,
5579,07/26/2021 18:18:58,31.01,,
5580,07/26/2021 18:23:58,31.01,,
5581,07/26/2021 18:28:58,31.06,,
5582,07/26/2021 18:33:58,30.71,,
5583,07/26/2021 18:38:58,30.16,,
5584,07/26/2021 18:43:58,29.77,,
5585,07/26/2021 18:48:58,29.26,,
5586,07/26/2021 18:53:58,28.61,,
5587,07/26/2021 18:58:58,28.48,,
5588,07/26/2021 19:03:58,28.10,,
5589,07/26/2021 19:08:58,27.63,,
5590,07/26/2021 19:13:58,27.37,,
5591,07/26/2021 19:18:58,26.98,,
5592,07/26/2021 19:23:58,26.47,,
5593,07/26/2021 19:28:58,26.12,,
5594,07/26/2021 19:33:58,26.21,,
5595,07/26/2021 19:38:58,26.12,,
5596,07/26/2021 19:43:58,25.99,,
5597,07/26/2021 19:48:58,25.87,,
5598,07/26/2021 19:53:58,25.57,,
5599,07/26/2021 19:58:58,25.31,,
5600,07/26/2021 20:03:58,25.09,,
5601,07/26/2021 20:08:58,25.14,,
5602,07/26/2021 20:13:58,24.97,,
5603,07/26/2021 20:18:58,24.71,,
5604,07/26/2021 20:23:58,24.49,,
5605,07/26/2021 20:28:58,24.28,,
5606,07/26/2021 20:33:58,24.15,,
5607,07/26/2021 20:38:58,24.06,,
5608,07/26/2021 20:43:58,23.94,,
5609,07/26/2021 20:48:58,23.81,,
5610,07/26/2021 20:53:58,23.64,,
5611,07/26/2021 20:58:58,23.55,,
5612,07/26/2021 21:03:58,23.46,,
5613,07/26/2021 21:08:58,23.42,,
5614,07/26/2021 21:13:58,23.38,,
5615,07/26/2021 21:18:58,23.21,,
5616,07/26/2021 21:23:58,22.99,,
5617,07/26/2021 21:28:58,22.82,,
5618,07/26/2021 21:33:58,22.61,,
5619,07/26/2021 21:38:58,22.39,,
5620,07/26/2021 21:43:58,22.31,,
5621,07/26/2021 21:48:58,22.18,,
5622,07/26/2021 21:53:58,22.01,,
5623,07/26/2021 21:58:58,21.79,,
5624,07/26/2021 22:03:58,21.53,,
5625,07/26/2021 22:08:58,21.32,,
5626,07/26/2021 22:13:58,21.15,,
5627,07/26/2021 22:18:58,21.06,,
5628,07/26/2021 22:23:58,21.06,,
5629,07/26/2021 22:28:58,20.98,,
5630,07/26/2021 22:33:58,20.98,,
5631,07/26/2021 22:38:58,20.98,,
5632,07/26/2021 22:43:58,20.98,,
5633,07/26/2021 22:48:58,21.02,,
5634,07/26/2021 22:53:58,21.02,,
5635,07/26/2021 22:58:58,21.15,,
5636,07/26/2021 23:03:58,21.23,,
5637,07/26/2021 23:08:58,21.28,,
5638,07/26/2021 23:13:58,21.23,,
5639,07/26/2021 23:18:58,21.19,,
5640,07/26/2021 23:23:58,21.15,,
5641,07/26/2021 23:28:58,21.32,,
5642,07/26/2021 23:33:58,21.36,,
5643,07/26/2021 23:38:58,21.45,,
5644,07/26/2021 23:43:58,21.45,,
5645,07/26/2021 23:48:58,21.49,,
5646,07/26/2021 23:53:58,21.49,,
5647,07/26/2021 23:58:58,21.36,,
5648,07/27/2021 00:03:58,21.28,,
5649,07/27/2021 00:08:58,21.06,,
5650,07/27/2021 00:13:58,21.02,,
5651,07/27/2021 00:18:58,20.89,,
5652,07/27/2021 00:23:58,20.68,,
5653,07/27/2021 00:28:58,20.59,,
5654,07/27/2021 00:33:58,20.42,,
5655,07/27/2021 00:38:58,20.20,,
5656,07/27/2021 00:43:58,20.03,,
5657,07/27/2021 00:48:58,19.86,,
5658,07/27/2021 00:53:58,19.56,,
5659,07/27/2021 00:58:58,19.43,,
5660,07/27/2021 01:03:58,19.22,,
5661,07/27/2021 01:08:58,19.05,,
5662,07/27/2021 01:13:58,18.92,,
5663,07/27/2021 01:18:58,18.87,,
5664,07/27/2021 01:23:58,18.74,,
5665,07/27/2021 01:28:58,18.62,,
5666,07/27/2021 01:33:58,18.57,,
5667,07/27/2021 01:38:58,18.57,,
5668,07/27/2021 01:43:58,18.49,,
5669,07/27/2021 01:48:58,18.44,,
5670,07/27/2021 01:53:58,18.40,,
5671,07/27/2021 01:58:58,18.19,,
5672,07/27/2021 02:03:58,17.97,,
5673,07/27/2021 02:08:58,17.80,,
5674,07/27/2021 02:13:58,17.59,,
5675,07/27/2021 02:18:58,17.50,,
5676,07/27/2021 02:23:58,17.41,,
5677,07/27/2021 02:28:58,17.33,,
5678,07/27/2021 02:33:58,17.20,,
5679,07/27/2021 02:38:58,17.11,,
5680,07/27/2021 02:43:58,17.07,,
5681,07/27/2021 02:48:58,17.11,,
5682,07/27/2021 02:53:58,17.16,,
5683,07/27/2021 02:58:58,17.33,,
5684,07/27/2021 03:03:58,17.41,,
5685,07/27/2021 03:08:58,17.50,,
5686,07/27/2021 03:13:58,17.54,,
5687,07/27/2021 03:18:58,17.54,,
5688,07/27/2021 03:23:58,17.54,,
5689,07/27/2021 03:28:58,17.59,,
5690,07/27/2021 03:33:58,17.50,,
5691,07/27/2021 03:38:58,17.46,,
5692,07/27/2021 03:43:58,17.54,,
5693,07/27/2021 03:48:58,17.50,,
5694,07/27/2021 03:53:58,17.54,,
5695,07/27/2021 03:58:58,17.54,,
5696,07/27/2021 04:03:58,17.59,,
5697,07/27/2021 04:08:58,17.67,,
5698,07/27/2021 04:13:58,17.63,,
5699,07/27/2021 04:18:58,17.63,,
5700,07/27/2021 04:23:58,17.72,,
5701,07/27/2021 04:28:58,17.67,,
5702,07/27/2021 04:33:58,17.63,,
5703,07/27/2021 04:38:58,17.84,,
5704,07/27/2021 04:43:58,17.89,,
5705,07/27/2021 04:48:58,17.84,,
5706,07/27/2021 04:53:58,17.84,,
5707,07/27/2021 04:58:58,17.80,,
5708,07/27/2021 05:03:58,17.80,,
5709,07/27/2021 05:08:58,17.80,,
5710,07/27/2021 05:13:58,17.76,,
5711,07/27/2021 05:18:58,17.80,,
5712,07/27/2021 05:23:58,17.67,,
5713,07/27/2021 05:28:58,17.72,,
5714,07/27/2021 05:33:58,17.54,,
5715,07/27/2021 05:38:58,17.54,,
5716,07/27/2021 05:43:58,17.50,,
5717,07/27/2021 05:48:58,17.59,,
5718,07/27/2021 05:53:58,17.76,,
5719,07/27/2021 05:58:58,17.89,,
5720,07/27/2021 06:03:58,17.97,,
5721,07/27/2021 06:08:58,18.02,,
5722,07/27/2021 06:13:58,18.06,,
5723,07/27/2021 06:18:58,18.23,,
5724,07/27/2021 06:23:58,18.27,,
5725,07/27/2021 06:28:58,18.49,,
5726,07/27/2021 06:33:58,18.53,,
5727,07/27/2021 06:38:58,18.74,,
5728,07/27/2021 06:43:58,18.96,,
5729,07/27/2021 06:48:58,19.13,,
5730,07/27/2021 06:53:58,19.05,,
5731,07/27/2021 06:58:58,19.09,,
5732,07/27/2021 07:03:58,19.30,,
5733,07/27/2021 07:08:58,19.39,,
5734,07/27/2021 07:13:58,19.30,,
5735,07/27/2021 07:18:58,19.26,,
5736,07/27/2021 07:23:58,19.17,,
5737,07/27/2021 07:28:58,19.26,,
5738,07/27/2021 07:33:58,19.30,,
5739,07/27/2021 07:38:58,19.39,,
5740,07/27/2021 07:43:58,19.60,,
5741,07/27/2021 07:48:58,19.69,,
5742,07/27/2021 07:53:58,19.86,,
5743,07/27/2021 07:58:58,20.07,,
5744,07/27/2021 08:03:58,20.16,,
5745,07/27/2021 08:08:58,20.29,,
5746,07/27/2021 08:13:58,20.50,,
5747,07/27/2021 08:18:58,20.46,,
5748,07/27/2021 08:23:58,20.46,,
5749,07/27/2021 08:28:58,20.72,,
5750,07/27/2021 08:33:58,20.93,,
5751,07/27/2021 08:38:58,21.19,,
5752,07/27/2021 08:43:58,21.23,,
5753,07/27/2021 08:48:58,21.32,,
5754,07/27/2021 08:53:58,21.32,,
5755,07/27/2021 08:58:58,21.45,,
5756,07/27/2021 09:03:58,21.75,,
5757,07/27/2021 09:08:58,21.79,,
5758,07/27/2021 09:13:58,21.92,,
5759,07/27/2021 09:18:58,22.09,,
5760,07/27/2021 09:23:58,22.18,,
5761,07/27/2021 09:28:58,22.52,,
5762,07/27/2021 09:33:58,22.82,,
5763,07/27/2021 09:38:58,23.08,,
5764,07/27/2021 09:43:58,23.08,,
5765,07/27/2021 09:48:58,23.03,,
5766,07/27/2021 09:53:58,23.59,,
5767,07/27/2021 09:58:58,23.81,,
5768,07/27/2021 10:03:58,24.02,,
5769,07/27/2021 10:08:58,24.24,,
5770,07/27/2021 10:13:58,24.41,,
5771,07/27/2021 10:18:58,25.22,,
5772,07/27/2021 10:23:58,26.08,,
5773,07/27/2021 10:28:58,26.04,,
5774,07/27/2021 10:33:58,27.28,,
5775,07/27/2021 10:38:58,27.80,,
5776,07/27/2021 10:43:58,28.57,,
5777,07/27/2021 10:48:58,28.78,,
5778,07/27/2021 10:53:58,28.44,,
5779,07/27/2021 10:58:58,28.48,,
5780,07/27/2021 11:03:58,28.48,,
5781,07/27/2021 11:08:58,28.53,,
5782,07/27/2021 11:13:58,28.87,,
5783,07/27/2021 11:18:58,28.95,,
5784,07/27/2021 11:23:58,29.00,,
5785,07/27/2021 11:28:58,29.30,,
5786,07/27/2021 11:33:58,29.47,,
5787,07/27/2021 11:38:58,29.60,,
5788,07/27/2021 11:43:58,29.77,,
5789,07/27/2021 11:48:58,29.73,,
5790,07/27/2021 11:53:58,29.94,,
5791,07/27/2021 11:58:58,31.06,,
5792,07/27/2021 12:03:58,31.14,,
5793,07/27/2021 12:08:58,31.31,,
5794,07/27/2021 12:13:58,32.30,,
5795,07/27/2021 12:18:58,32.90,,
5796,07/27/2021 12:23:58,32.60,,
5797,07/27/2021 12:28:58,33.93,,
5798,07/27/2021 12:33:58,33.76,,
5799,07/27/2021 12:38:58,33.42,,
5800,07/27/2021 12:43:58,32.52,,
5801,07/27/2021 12:48:58,31.87,,
5802,07/27/2021 12:53:58,32.30,,
5803,07/27/2021 12:58:58,32.52,,
5804,07/27/2021 13:03:58,32.82,,
5805,07/27/2021 13:08:58,33.25,,
5806,07/27/2021 13:13:58,33.16,,
5807,07/27/2021 13:18:58,32.94,,
5808,07/27/2021 13:23:58,33.16,,
5809,07/27/2021 13:28:58,33.25,,
5810,07/27/2021 13:33:58,33.25,,
5811,07/27/2021 13:38:58,33.46,,
5812,07/27/2021 13:43:58,33.80,,
5813,07/27/2021 13:48:58,34.23,,
5814,07/27/2021 13:53:58,33.46,,
5815,07/27/2021 13:58:58,33.33,,
5816,07/27/2021 14:03:58,33.33,,
5817,07/27/2021 14:08:58,34.62,,
5818,07/27/2021 14:13:58,34.40,,
5819,07/27/2021 14:18:58,34.57,,
5820,07/27/2021 14:23:58,35.18,,
5821,07/27/2021 14:28:58,36.03,,
5822,07/27/2021 14:33:58,36.85,,
5823,07/27/2021 14:38:58,36.98,,
5824,07/27/2021 14:43:58,36.89,,
5825,07/27/2021 14:48:58,36.76,,
5826,07/27/2021 14:53:58,36.25,,
5827,07/27/2021 14:58:58,36.68,,
5828,07/27/2021 15:03:58,37.23,,
5829,07/27/2021 15:08:58,36.72,,
5830,07/27/2021 15:13:58,37.02,,
5831,07/27/2021 15:18:58,37.23,,
5832,07/27/2021 15:23:58,37.19,,
5833,07/27/2021 15:28:58,37.45,,
5834,07/27/2021 15:33:58,37.28,,
5835,07/27/2021 15:38:58,37.58,,
5836,07/27/2021 15:43:58,37.88,,
5837,07/27/2021 15:48:58,38.01,,
5838,07/27/2021 15:53:58,37.62,,
5839,07/27/2021 15:58:58,37.23,,
5840,07/27/2021 16:03:58,37.45,,
5841,07/27/2021 16:08:58,37.49,,
5842,07/27/2021 16:13:58,37.41,,
5843,07/27/2021 16:18:58,37.62,,
5844,07/27/2021 16:23:58,37.49,,
5845,07/27/2021 16:28:58,37.54,,
5846,07/27/2021 16:33:58,37.36,,
5847,07/27/2021 16:38:58,37.15,,
5848,07/27/2021 16:43:58,36.81,,
5849,07/27/2021 16:48:58,36.68,,
5850,07/27/2021 16:53:58,36.46,,
5851,07/27/2021 16:58:58,36.33,,
5852,07/27/2021 17:03:58,36.63,,
5853,07/27/2021 17:08:58,36.42,,
5854,07/27/2021 17:13:58,36.33,,
5855,07/27/2021 17:18:58,36.08,,
5856,07/27/2021 17:23:58,36.03,,
5857,07/27/2021 17:28:58,35.90,,
5858,07/27/2021 17:33:58,35.60,,
5859,07/27/2021 17:38:58,34.79,,
5860,07/27/2021 17:43:58,35.00,,
5861,07/27/2021 17:48:58,34.62,,
5862,07/27/2021 17:53:58,33.46,,
5863,07/27/2021 17:58:58,33.80,,
5864,07/27/2021 18:03:58,33.55,,
5865,07/27/2021 18:08:58,33.93,,
5866,07/27/2021 18:13:58,33.80,,
5867,07/27/2021 18:18:58,33.72,,
5868,07/27/2021 18:23:58,33.76,,
5869,07/27/2021 18:28:58,33.46,,
5870,07/27/2021 18:33:58,33.37,,
5871,07/27/2021 18:38:58,33.20,,
5872,07/27/2021 18:43:58,32.99,,
5873,07/27/2021 18:48:58,32.86,,
5874,07/27/2021 18:53:58,32.43,,
5875,07/27/2021 18:58:58,32.30,,
5876,07/27/2021 19:03:58,32.17,,
5877,07/27/2021 19:08:58,31.96,,
5878,07/27/2021 19:13:58,31.87,,
5879,07/27/2021 19:18:58,31.66,,
5880,07/27/2021 19:23:58,31.36,,
5881,07/27/2021 19:28:58,31.10,,
5882,07/27/2021 19:33:58,30.93,,
5883,07/27/2021 19:38:58,30.80,,
5884,07/27/2021 19:43:58,30.76,,
5885,07/27/2021 19:48:58,30.67,,
5886,07/27/2021 19:53:58,30.59,,
5887,07/27/2021 19:58:58,30.37,,
5888,07/27/2021 20:03:58,29.47,,
5889,07/27/2021 20:08:58,29.34,,
5890,07/27/2021 20:13:58,28.91,,
5891,07/27/2021 20:18:58,28.61,,
5892,07/27/2021 20:23:58,28.27,,
5893,07/27/2021 20:28:58,28.05,,
5894,07/27/2021 20:33:58,27.88,,
5895,07/27/2021 20:38:58,27.71,,
5896,07/27/2021 20:43:58,27.58,,
5897,07/27/2021 20:48:58,27.50,,
5898,07/27/2021 20:53:58,27.32,,
5899,07/27/2021 20:58:58,27.24,,
5900,07/27/2021 21:03:58,26.98,,
5901,07/27/2021 21:08:58,26.77,,
5902,07/27/2021 21:13:58,26.64,,
5903,07/27/2021 21:18:58,26.38,,
5904,07/27/2021 21:23:58,26.21,,
5905,07/27/2021 21:28:58,26.08,,
5906,07/27/2021 21:33:58,26.04,,
5907,07/27/2021 21:38:58,25.95,,
5908,07/27/2021 21:43:58,25.91,,
5909,07/27/2021 21:48:58,25.74,,
5910,07/27/2021 21:53:58,25.61,,
5911,07/27/2021 21:58:58,25.61,,
5912,07/27/2021 22:03:58,25.44,,
5913,07/27/2021 22:08:58,25.44,,
5914,07/27/2021 22:13:58,25.39,,
5915,07/27/2021 22:18:58,25.27,,
5916,07/27/2021 22:23:58,25.14,,
5917,07/27/2021 22:28:58,25.01,,
5918,07/27/2021 22:33:58,24.92,,
5919,07/27/2021 22:38:58,24.79,,
5920,07/27/2021 22:43:58,24.66,,
5921,07/27/2021 22:48:58,24.49,,
5922,07/27/2021 22:53:58,24.41,,
5923,07/27/2021 22:58:58,24.32,,
5924,07/27/2021 23:03:58,24.19,,
5925,07/27/2021 23:08:58,24.06,,
5926,07/27/2021 23:13:58,23.89,,
5927,07/27/2021 23:18:58,23.81,,
5928,07/27/2021 23:23:58,23.72,,
5929,07/27/2021 23:28:58,23.51,,
5930,07/27/2021 23:33:58,23.38,,
5931,07/27/2021 23:38:58,23.29,,
5932,07/27/2021 23:43:58,23.21,,
5933,07/27/2021 23:48:58,23.08,,
5934,07/27/2021 23:53:58,22.82,,
5935,07/27/2021 23:58:58,22.56,,
5936,07/28/2021 00:03:58,22.52,,
5937,07/28/2021 00:08:58,22.61,,
5938,07/28/2021 00:13:58,22.61,,
5939,07/28/2021 00:18:58,22.61,,
5940,07/28/2021 00:23:58,22.69,,
5941,07/28/2021 00:28:58,22.56,,
5942,07/28/2021 00:33:58,22.48,,
5943,07/28/2021 00:38:58,22.52,,
5944,07/28/2021 00:43:58,22.61,,
5945,07/28/2021 00:48:58,22.48,,
5946,07/28/2021 00:53:58,22.39,,
5947,07/28/2021 00:58:58,22.22,,
5948,07/28/2021 01:03:58,21.83,,
5949,07/28/2021 01:08:58,21.45,,
5950,07/28/2021 01:13:58,21.32,,
5951,07/28/2021 01:18:58,20.93,,
5952,07/28/2021 01:23:58,20.63,,
5953,07/28/2021 01:28:58,20.63,,
5954,07/28/2021 01:33:58,20.42,,
5955,07/28/2021 01:38:58,20.29,,
5956,07/28/2021 01:43:58,20.25,,
5957,07/28/2021 01:48:58,20.29,,
5958,07/28/2021 01:53:58,20.20,,
5959,07/28/2021 01:58:58,20.16,,
5960,07/28/2021 02:03:58,20.03,,
5961,07/28/2021 02:08:58,19.95,,
5962,07/28/2021 02:13:58,19.82,,
5963,07/28/2021 02:18:58,19.73,,
5964,07/28/2021 02:23:58,19.56,,
5965,07/28/2021 02:28:58,19.43,,
5966,07/28/2021 02:33:58,19.30,,
5967,07/28/2021 02:38:58,19.22,,
5968,07/28/2021 02:43:58,19.05,,
5969,07/28/2021 02:48:58,19.05,,
5970,07/28/2021 02:53:58,19.05,,
5971,07/28/2021 02:58:58,19.05,,
5972,07/28/2021 03:03:58,18.96,,
5973,07/28/2021 03:08:58,18.87,,
5974,07/28/2021 03:13:58,18.87,,
5975,07/28/2021 03:18:58,18.79,,
5976,07/28/2021 03:23:58,18.74,,
5977,07/28/2021 03:28:58,18.66,,
5978,07/28/2021 03:33:58,18.53,,
5979,07/28/2021 03:38:58,18.44,,
5980,07/28/2021 03:43:58,18.32,,
5981,07/28/2021 03:48:58,18.06,,
5982,07/28/2021 03:53:58,18.06,,
5983,07/28/2021 03:58:58,18.02,,
5984,07/28/2021 04:03:58,17.89,,
5985,07/28/2021 04:08:58,17.84,,
5986,07/28/2021 04:13:58,17.67,,
5987,07/28/2021 04:18:58,17.59,,
5988,07/28/2021 04:23:58,17.63,,
5989,07/28/2021 04:28:58,17.72,,
5990,07/28/2021 04:33:58,17.72,,
5991,07/28/2021 04:38:58,17.67,,
5992,07/28/2021 04:43:58,17.63,,
5993,07/28/2021 04:48:58,17.59,,
5994,07/28/2021 04:53:58,17.50,,
5995,07/28/2021 04:58:58,17.41,,
5996,07/28/2021 05:03:58,17.41,,
5997,07/28/2021 05:08:58,17.54,,
5998,07/28/2021 05:13:58,17.54,,
5999,07/28/2021 05:18:58,17.54,,
6000,07/28/2021 05:23:58,17.54,,
6001,07/28/2021 05:28:58,17.46,,
6002,07/28/2021 05:33:58,17.46,,
6003,07/28/2021 05:38:58,17.37,,
6004,07/28/2021 05:43:58,17.37,,
6005,07/28/2021 05:48:58,17.33,,
6006,07/28/2021 05:53:58,17.24,,
6007,07/28/2021 05:58:58,17.24,,
6008,07/28/2021 06:03:58,17.20,,
6009,07/28/2021 06:08:58,17.33,,
6010,07/28/2021 06:13:58,17.37,,
6011,07/28/2021 06:18:58,17.41,,
6012,07/28/2021 06:23:58,17.46,,
6013,07/28/2021 06:28:58,17.33,,
6014,07/28/2021 06:33:58,17.24,,
6015,07/28/2021 06:38:58,17.33,,
6016,07/28/2021 06:43:58,17.46,,
6017,07/28/2021 06:48:58,17.54,,
6018,07/28/2021 06:53:58,17.67,,
6019,07/28/2021 06:58:58,17.84,,
6020,07/28/2021 07:03:58,18.02,,
6021,07/28/2021 07:08:58,18.14,,
6022,07/28/2021 07:13:58,18.32,,
6023,07/28/2021 07:18:58,18.49,,
6024,07/28/2021 07:23:58,18.79,,
6025,07/28/2021 07:28:58,19.00,,
6026,07/28/2021 07:33:58,19.30,,
6027,07/28/2021 07:38:58,19.39,,
6028,07/28/2021 07:43:58,19.69,,
6029,07/28/2021 07:48:58,20.03,,
6030,07/28/2021 07:53:58,20.42,,
6031,07/28/2021 07:58:58,20.85,,
6032,07/28/2021 08:03:58,21.23,,
6033,07/28/2021 08:08:58,21.66,,
6034,07/28/2021 08:13:58,21.88,,
6035,07/28/2021 08:18:58,22.18,,
6036,07/28/2021 08:23:58,22.39,,
6037,07/28/2021 08:28:58,22.78,,
6038,07/28/2021 08:33:58,23.16,,
6039,07/28/2021 08:38:58,23.42,,
6040,07/28/2021 08:43:58,23.76,,
6041,07/28/2021 08:48:58,24.28,,
6042,07/28/2021 08:53:58,24.97,,
6043,07/28/2021 08:58:58,25.27,,
6044,07/28/2021 09:03:58,25.99,,
6045,07/28/2021 09:08:58,26.55,,
6046,07/28/2021 09:13:58,26.90,,
6047,07/28/2021 09:18:58,26.94,,
6048,07/28/2021 09:23:58,27.41,,
6049,07/28/2021 09:28:58,27.84,,
6050,07/28/2021 09:33:58,28.05,,
6051,07/28/2021 09:38:58,28.27,,
6052,07/28/2021 09:43:58,29.13,,
6053,07/28/2021 09:48:58,29.90,,
6054,07/28/2021 09:53:58,30.46,,
6055,07/28/2021 09:58:58,30.93,,
6056,07/28/2021 10:03:58,31.57,,
6057,07/28/2021 10:08:58,32.00,,
6058,07/28/2021 10:13:58,32.04,,
6059,07/28/2021 10:18:58,32.09,,
6060,07/28/2021 10:23:58,31.61,,
6061,07/28/2021 10:28:58,31.61,,
6062,07/28/2021 10:33:58,31.79,,
6063,07/28/2021 10:38:58,31.83,,
6064,07/28/2021 10:43:58,31.92,,
6065,07/28/2021 10:48:58,32.60,,
6066,07/28/2021 10:53:58,32.86,,
6067,07/28/2021 10:58:58,33.16,,
6068,07/28/2021 11:03:58,32.99,,
6069,07/28/2021 11:08:58,32.99,,
6070,07/28/2021 11:13:58,33.25,,
6071,07/28/2021 11:18:58,32.94,,
6072,07/28/2021 11:23:58,32.73,,
6073,07/28/2021 11:28:58,33.76,,
6074,07/28/2021 11:33:58,34.53,,
6075,07/28/2021 11:38:58,34.83,,
6076,07/28/2021 11:43:58,35.05,,
6077,07/28/2021 11:48:58,35.30,,
6078,07/28/2021 11:53:58,35.09,,
6079,07/28/2021 11:58:58,35.82,,
6080,07/28/2021 12:03:58,36.42,,
6081,07/28/2021 12:08:58,36.55,,
6082,07/28/2021 12:13:58,36.63,,
6083,07/28/2021 12:18:58,37.19,,
6084,07/28/2021 12:23:58,37.23,,
6085,07/28/2021 12:28:58,37.15,,
6086,07/28/2021 12:33:58,37.36,,
6087,07/28/2021 12:38:58,38.18,,
6088,07/28/2021 12:43:58,39.17,,
6089,07/28/2021 12:48:58,38.26,,
6090,07/28/2021 12:53:58,37.62,,
6091,07/28/2021 12:58:58,39.38,,
6092,07/28/2021 13:03:58,38.52,,
6093,07/28/2021 13:08:58,38.56,,
6094,07/28/2021 13:13:58,39.25,,
6095,07/28/2021 13:18:58,39.08,,
6096,07/28/2021 13:23:58,38.61,,
6097,07/28/2021 13:28:58,38.74,,
6098,07/28/2021 13:33:58,39.72,,
6099,07/28/2021 13:38:58,40.19,,
6100,07/28/2021 13:43:58,40.32,,
6101,07/28/2021 13:48:58,39.64,,
6102,07/28/2021 13:53:58,40.84,,
6103,07/28/2021 13:58:58,39.89,,
6104,07/28/2021 14:03:58,40.71,,
6105,07/28/2021 14:08:58,40.75,,
6106,07/28/2021 14:13:58,40.71,,
6107,07/28/2021 14:18:58,41.44,,
6108,07/28/2021 14:23:58,41.61,,
6109,07/28/2021 14:28:58,42.08,,
6110,07/28/2021 14:33:58,42.21,,
6111,07/28/2021 14:38:58,42.73,,
6112,07/28/2021 14:43:58,43.03,,
6113,07/28/2021 14:48:58,43.16,,
6114,07/28/2021 14:53:58,43.84,,
6115,07/28/2021 14:58:58,44.18,,
6116,07/28/2021 15:03:58,44.57,,
6117,07/28/2021 15:08:58,44.31,,
6118,07/28/2021 15:13:58,43.33,,
6119,07/28/2021 15:18:58,44.10,,
6120,07/28/2021 15:23:58,44.79,,
6121,07/28/2021 15:28:58,44.44,,
6122,07/28/2021 15:33:58,45.21,,
6123,07/28/2021 15:38:58,45.94,,
6124,07/28/2021 15:43:58,46.33,,
6125,07/28/2021 15:48:58,46.07,,
6126,07/28/2021 15:53:58,45.60,,
6127,07/28/2021 15:58:58,46.16,,
6128,07/28/2021 16:03:58,46.76,,
6129,07/28/2021 16:08:58,46.80,,
6130,07/28/2021 16:13:58,47.06,,
6131,07/28/2021 16:18:58,46.80,,
6132,07/28/2021 16:23:58,46.29,,
6133,07/28/2021 16:28:58,45.73,,
6134,07/28/2021 16:33:58,45.90,,
6135,07/28/2021 16:38:58,45.39,,
6136,07/28/2021 16:43:58,45.51,,
6137,07/28/2021 16:48:58,45.77,,
6138,07/28/2021 16:53:58,46.63,,
6139,07/28/2021 16:58:58,46.37,,
6140,07/28/2021 17:03:58,45.99,,
6141,07/28/2021 17:08:58,45.81,,
6142,07/28/2021 17:13:58,45.34,,
6143,07/28/2021 17:18:58,45.13,,
6144,07/28/2021 17:23:58,44.48,,
6145,07/28/2021 17:28:58,44.36,,
6146,07/28/2021 17:33:58,44.01,,
6147,07/28/2021 17:38:58,43.84,,
6148,07/28/2021 17:43:58,43.16,,
6149,07/28/2021 17:48:58,42.68,,
6150,07/28/2021 17:53:58,42.13,,
6151,07/28/2021 17:58:58,42.34,,
6152,07/28/2021 18:03:58,41.70,,
6153,07/28/2021 18:08:58,41.10,,
6154,07/28/2021 18:13:58,40.19,,
6155,07/28/2021 18:18:58,40.15,,
6156,07/28/2021 18:23:58,40.07,,
6157,07/28/2021 18:28:58,39.85,,
6158,07/28/2021 18:33:58,39.29,,
6159,07/28/2021 18:38:58,38.91,,
6160,07/28/2021 18:43:58,38.44,,
6161,07/28/2021 18:48:58,38.22,,
6162,07/28/2021 18:53:58,37.84,,
6163,07/28/2021 18:58:58,37.58,,
6164,07/28/2021 19:03:58,37.06,,
6165,07/28/2021 19:08:58,36.46,,
6166,07/28/2021 19:13:58,35.90,,
6167,07/28/2021 19:18:58,35.30,,
6168,07/28/2021 19:23:58,35.00,,
6169,07/28/2021 19:28:58,34.57,,
6170,07/28/2021 19:33:58,34.15,,
6171,07/28/2021 19:38:58,33.80,,
6172,07/28/2021 19:43:58,33.46,,
6173,07/28/2021 19:48:58,33.07,,
6174,07/28/2021 19:53:58,32.69,,
6175,07/28/2021 19:58:58,32.22,,
6176,07/28/2021 20:03:58,31.61,,
6177,07/28/2021 20:08:58,30.80,,
6178,07/28/2021 20:13:58,30.16,,
6179,07/28/2021 20:18:58,29.56,,
6180,07/28/2021 20:23:58,29.00,,
6181,07/28/2021 20:28:58,28.65,,
6182,07/28/2021 20:33:58,28.31,,
6183,07/28/2021 20:38:58,27.97,,
6184,07/28/2021 20:43:58,27.63,,
6185,07/28/2021 20:48:58,27.32,,
6186,07/28/2021 20:53:58,27.15,,
6187,07/28/2021 20:58:58,26.85,,
6188,07/28/2021 21:03:58,26.68,,
6189,07/28/2021 21:08:58,26.47,,
6190,07/28/2021 21:13:58,26.30,,
6191,07/28/2021 21:18:58,26.12,,
6192,07/28/2021 21:23:58,25.95,,
6193,07/28/2021 21:28:58,25.69,,
6194,07/28/2021 21:33:58,25.52,,
6195,07/28/2021 21:38:58,25.35,,
6196,07/28/2021 21:43:58,25.09,,
6197,07/28/2021 21:48:58,24.88,,
6198,07/28/2021 21:53:58,24.71,,
6199,07/28/2021 21:58:58,24.58,,
6200,07/28/2021 22:03:58,24.41,,
6201,07/28/2021 22:08:58,24.28,,
6202,07/28/2021 22:13:58,24.11,,
6203,07/28/2021 22:18:58,23.89,,
6204,07/28/2021 22:23:58,23.68,,
6205,07/28/2021 22:28:58,23.55,,
6206,07/28/2021 22:33:58,23.42,,
6207,07/28/2021 22:38:58,23.34,,
6208,07/28/2021 22:43:58,23.16,,
6209,07/28/2021 22:48:58,23.08,,
6210,07/28/2021 22:53:58,22.95,,
6211,07/28/2021 22:58:58,22.82,,
6212,07/28/2021 23:03:58,22.73,,
6213,07/28/2021 23:08:58,22.61,,
6214,07/28/2021 23:13:58,22.52,,
6215,07/28/2021 23:18:58,22.39,,
6216,07/28/2021 23:23:58,22.31,,
6217,07/28/2021 23:28:58,22.22,,
6218,07/28/2021 23:33:58,22.18,,
6219,07/28/2021 23:38:58,22.05,,
6220,07/28/2021 23:43:58,22.05,,
6221,07/28/2021 23:48:58,21.96,,
6222,07/28/2021 23:53:58,21.88,,
6223,07/28/2021 23:58:58,21.70,,
6224,07/29/2021 00:03:58,21.58,,
6225,07/29/2021 00:08:58,21.45,,
6226,07/29/2021 00:13:58,21.45,,
6227,07/29/2021 00:18:58,21.36,,
6228,07/29/2021 00:23:58,21.40,,
6229,07/29/2021 00:28:58,21.32,,
6230,07/29/2021 00:33:58,21.23,,
6231,07/29/2021 00:38:58,21.28,,
6232,07/29/2021 00:43:58,21.23,,
6233,07/29/2021 00:48:58,21.19,,
6234,07/29/2021 00:53:58,21.15,,
6235,07/29/2021 00:58:58,21.10,,
6236,07/29/2021 01:03:58,21.10,,
6237,07/29/2021 01:08:58,21.06,,
6238,07/29/2021 01:13:58,20.93,,
6239,07/29/2021 01:18:58,20.85,,
6240,07/29/2021 01:23:58,20.80,,
6241,07/29/2021 01:28:58,20.76,,
6242,07/29/2021 01:33:58,20.68,,
6243,07/29/2021 01:38:58,20.63,,
6244,07/29/2021 01:43:58,20.50,,
6245,07/29/2021 01:48:58,20.33,,
6246,07/29/2021 01:53:58,20.25,,
6247,07/29/2021 01:58:58,20.12,,
6248,07/29/2021 02:03:58,19.99,,
6249,07/29/2021 02:08:58,19.95,,
6250,07/29/2021 02:13:58,19.99,,
6251,07/29/2021 02:18:58,19.90,,
6252,07/29/2021 02:23:58,19.99,,
6253,07/29/2021 02:28:58,19.95,,
6254,07/29/2021 02:33:58,19.99,,
6255,07/29/2021 02:38:58,19.95,,
6256,07/29/2021 02:43:58,19.77,,
6257,07/29/2021 02:48:58,19.65,,
6258,07/29/2021 02:53:58,19.47,,
6259,07/29/2021 02:58:58,19.39,,
6260,07/29/2021 03:03:58,19.39,,
6261,07/29/2021 03:08:58,19.39,,
6262,07/29/2021 03:13:58,19.39,,
6263,07/29/2021 03:18:58,19.39,,
6264,07/29/2021 03:23:58,19.39,,
6265,07/29/2021 03:28:58,19.35,,
6266,07/29/2021 03:33:58,19.30,,
6267,07/29/2021 03:38:58,19.30,,
6268,07/29/2021 03:43:58,19.30,,
6269,07/29/2021 03:48:58,19.35,,
6270,07/29/2021 03:53:58,19.30,,
6271,07/29/2021 03:58:58,19.26,,
6272,07/29/2021 04:03:58,19.22,,
6273,07/29/2021 04:08:58,19.09,,
6274,07/29/2021 04:13:58,19.00,,
6275,07/29/2021 04:18:58,18.96,,
6276,07/29/2021 04:23:58,18.87,,
6277,07/29/2021 04:28:58,18.87,,
6278,07/29/2021 04:33:58,18.74,,
6279,07/29/2021 04:38:58,18.79,,
6280,07/29/2021 04:43:58,18.66,,
6281,07/29/2021 04:48:58,18.66,,
6282,07/29/2021 04:53:58,18.57,,
6283,07/29/2021 04:58:58,18.57,,
6284,07/29/2021 05:03:58,18.53,,
6285,07/29/2021 05:08:58,18.44,,
6286,07/29/2021 05:13:58,18.44,,
6287,07/29/2021 05:18:58,18.44,,
6288,07/29/2021 05:23:58,18.40,,
6289,07/29/2021 05:28:58,18.32,,
6290,07/29/2021 05:33:58,18.19,,
6291,07/29/2021 05:38:58,18.27,,
6292,07/29/2021 05:43:58,18.14,,
6293,07/29/2021 05:48:58,18.19,,
6294,07/29/2021 05:53:58,18.23,,
6295,07/29/2021 05:58:58,18.23,,
6296,07/29/2021 06:03:58,18.19,,
6297,07/29/2021 06:08:58,18.10,,
6298,07/29/2021 06:13:58,17.93,,
6299,07/29/2021 06:18:58,17.80,,
6300,07/29/2021 06:23:58,17.80,,
6301,07/29/2021 06:28:58,17.84,,
6302,07/29/2021 06:33:58,17.89,,
6303,07/29/2021 06:38:58,17.97,,
6304,07/29/2021 06:43:58,18.14,,
6305,07/29/2021 06:48:58,18.19,,
6306,07/29/2021 06:53:58,18.27,,
6307,07/29/2021 06:58:58,18.36,,
6308,07/29/2021 07:03:58,18.49,,
6309,07/29/2021 07:08:58,18.62,,
6310,07/29/2021 07:13:58,18.96,,
6311,07/29/2021 07:18:58,19.05,,
6312,07/29/2021 07:23:58,19.30,,
6313,07/29/2021 07:28:58,19.39,,
6314,07/29/2021 07:33:58,19.47,,
6315,07/29/2021 07:38:58,19.47,,
6316,07/29/2021 07:43:58,19.69,,
6317,07/29/2021 07:48:58,19.69,,
6318,07/29/2021 07:53:58,19.86,,
6319,07/29/2021 07:58:58,20.25,,
6320,07/29/2021 08:03:58,20.63,,
6321,07/29/2021 08:08:58,20.59,,
6322,07/29/2021 08:13:58,20.98,,
6323,07/29/2021 08:18:58,21.36,,
6324,07/29/2021 08:23:58,21.66,,
6325,07/29/2021 08:28:58,21.45,,
6326,07/29/2021 08:33:58,21.28,,
6327,07/29/2021 08:38:58,21.62,,
6328,07/29/2021 08:43:58,21.88,,
6329,07/29/2021 08:48:58,21.92,,
6330,07/29/2021 08:53:58,22.82,,
6331,07/29/2021 08:58:58,23.12,,
6332,07/29/2021 09:03:58,23.76,,
6333,07/29/2021 09:08:58,23.98,,
6334,07/29/2021 09:13:58,23.98,,
6335,07/29/2021 09:18:58,24.75,,
6336,07/29/2021 09:23:58,25.14,,
6337,07/29/2021 09:28:58,25.22,,
6338,07/29/2021 09:33:58,25.57,,
6339,07/29/2021 09:38:58,25.35,,
6340,07/29/2021 09:43:58,25.87,,
6341,07/29/2021 09:48:58,25.99,,
6342,07/29/2021 09:53:58,26.30,,
6343,07/29/2021 09:58:58,26.34,,
6344,07/29/2021 10:03:58,27.20,,
6345,07/29/2021 10:08:58,28.23,,
6346,07/29/2021 10:13:58,28.61,,
6347,07/29/2021 10:18:58,28.70,,
6348,07/29/2021 10:23:58,29.21,,
6349,07/29/2021 10:28:58,30.16,,
6350,07/29/2021 10:33:58,30.03,,
6351,07/29/2021 10:38:58,29.64,,
6352,07/29/2021 10:43:58,30.07,,
6353,07/29/2021 10:48:58,30.89,,
6354,07/29/2021 10:52:16,,Logged,Logged
